Timestamp,Value,
1623141918000,-0.263608,
1623141918001,2.588150,
1623141918002,-2.755900,
1623141918003,-0.143786,
1623141918004,1.413897,
1623141918005,0.071893,
1623141918006,-3.355009,
1623141918007,-1.557683,
1623141918008,-1.869219,
1623141918009,-0.407394,
1623141918010,-0.623073,
1623141918011,-2.995544,
1623141918012,0.239643,
1623141918013,0.023964,
1623141918014,0.191715,
1623141918015,1.054431,
1623141918016,-5.655586,
1623141918017,3.211223,
1623141918018,0.407394,
1623141918019,-0.359465,
1623141918020,-1.509754,
1623141918021,-0.694966,
1623141918022,-1.605611,
1623141918023,-1.437861,
1623141918024,0.239643,
1623141918025,-0.263608,
1623141918026,-1.413897,
1623141918027,-1.318039,
1623141918028,-1.773362,
1623141918029,16.966759,
1623141918030,-15.936293,
1623141918031,-6.901732,
1623141918032,1.365968,
1623141918033,-2.013005,
1623141918034,3.378973,
1623141918035,4.577191,
1623141918036,-4.697012,
1623141918037,-1.557683,
1623141918038,3.067437,
1623141918039,2.588150,
1623141918040,-1.294075,
1623141918041,1.078396,
1623141918042,-0.838752,
1623141918043,0.215679,
1623141918044,3.187258,
1623141918045,2.156791,
1623141918046,1.677504,
1623141918047,0.551180,
1623141918048,1.054431,
1623141918049,2.851758,
1623141918050,1.174253,
1623141918051,2.396435,
1623141918052,-0.910645,
1623141918053,2.564185,
1623141918054,-0.551180,
1623141918055,4.888727,
1623141918056,-2.252649,
1623141918057,2.420399,
1623141918058,-2.252649,
1623141918059,-2.156791,
1623141918060,0.383430,
1623141918061,-1.725433,
1623141918062,8.507344,
1623141918063,11.239280,
1623141918064,9.178346,
1623141918065,2.420399,
1623141918066,1.725433,
1623141918067,3.642581,
1623141918068,-1.342004,
1623141918069,2.875722,
1623141918070,-0.263608,
1623141918071,5.655586,
1623141918072,0.766859,
1623141918073,0.095857,
1623141918074,1.006503,
1623141918075,-0.311537,
1623141918076,1.222182,
1623141918077,3.163294,
1623141918078,-1.557683,
1623141918079,-5.248192,
1623141918080,-0.575144,
1623141918081,-0.934610,
1623141918082,3.546724,
1623141918083,1.365968,
1623141918084,-4.217725,
1623141918085,-1.030467,
1623141918086,-3.690510,
1623141918087,0.407394,
1623141918088,1.222182,
1623141918089,-3.594652,
1623141918090,2.875722,
1623141918091,1.581647,
1623141918092,-4.049975,
1623141918093,4.553226,
1623141918094,1.318039,
1623141918095,-4.073939,
1623141918096,1.461825,
1623141918097,0.934610,
1623141918098,1.365968,
1623141918099,3.522759,
1623141918100,5.895230,
1623141918101,2.084898,
1623141918102,0.838752,
1623141918103,-1.485790,
1623141918104,-3.858260,
1623141918105,-7.812378,
1623141918106,-3.426902,
1623141918107,-3.259151,
1623141918108,-0.023964,
1623141918109,4.002046,
1623141918110,1.533718,
1623141918111,-3.067437,
1623141918112,-1.342004,
1623141918113,0.527216,
1623141918114,-0.838752,
1623141918115,-8.075986,
1623141918116,-0.982538,
1623141918117,-2.540221,
1623141918118,2.971579,
1623141918119,-0.575144,
1623141918120,-3.307080,
1623141918121,-1.485790,
1623141918122,1.389932,
1623141918123,0.359465,
1623141918124,-3.618617,
1623141918125,0.023964,
1623141918126,3.762403,
1623141918127,-2.276613,
1623141918128,-30.003365,
1623141918129,18.955801,
1623141918130,-5.224228,
1623141918131,-0.143786,
1623141918132,-2.060934,
1623141918133,-0.575144,
1623141918134,-6.566232,
1623141918135,5.248192,
1623141918136,0.934610,
1623141918137,-4.241690,
1623141918138,-2.731936,
1623141918139,-1.126324,
1623141918140,0.910645,
1623141918141,-1.198218,
1623141918142,1.150289,
1623141918143,-3.019508,
1623141918144,2.348506,
1623141918145,0.143786,
1623141918146,-0.311537,
1623141918147,-0.407394,
1623141918148,-1.126324,
1623141918149,17.517939,
1623141918150,6.134873,
1623141918151,-0.071893,
1623141918152,1.150289,
1623141918153,-0.215679,
1623141918154,-1.533718,
1623141918155,1.677504,
1623141918156,2.013005,
1623141918157,-0.814788,
1623141918158,0.982538,
1623141918159,6.662089,
1623141918160,10.184849,
1623141918161,-6.590196,
1623141918162,-0.623073,
1623141918163,-0.503251,
1623141918164,-1.725433,
1623141918165,0.575144,
1623141918166,-1.677504,
1623141918167,-1.318039,
1623141918168,2.947615,
1623141918169,5.775408,
1623141918170,-5.751444,
1623141918171,3.019508,
1623141918172,-4.457369,
1623141918173,0.000000,
1623141918174,0.455323,
1623141918175,0.000000,
1623141918176,3.882225,
1623141918177,1.342004,
1623141918178,-1.701469,
1623141918179,-2.108863,
1623141918180,-2.636078,
1623141918181,1.413897,
1623141918182,-0.647037,
1623141918183,1.605611,
1623141918184,-2.420399,
1623141918185,-2.013005,
1623141918186,-0.862717,
1623141918187,-1.605611,
1623141918188,-1.845255,
1623141918189,1.749398,
1623141918190,4.936656,
1623141918191,-2.276613,
1623141918192,2.228684,
1623141918193,-1.078396,
1623141918194,14.402574,
1623141918195,-2.684007,
1623141918196,3.786367,
1623141918197,-1.725433,
1623141918198,0.167750,
1623141918199,2.660043,
1623141918200,-2.372471,
1623141918201,2.612114,
1623141918202,-3.091401,
1623141918203,3.378973,
1623141918204,-2.300578,
1623141918205,-1.461825,
1623141918206,-4.816834,
1623141918207,-2.923651,
1623141918208,1.869219,
1623141918209,1.653540,
1623141918210,2.588150,
1623141918211,-0.503251,
1623141918212,5.463871,
1623141918213,2.564185,
1623141918214,-10.136920,
1623141918215,8.675095,
1623141918216,3.810332,
1623141918217,-4.385476,
1623141918218,-6.110909,
1623141918219,3.139330,
1623141918220,-2.444364,
1623141918221,0.047929,
1623141918222,-2.851758,
1623141918223,2.013005,
1623141918224,-0.551180,
1623141918225,2.444364,
1623141918226,-3.355009,
1623141918227,-0.910645,
1623141918228,15.720613,
1623141918229,-1.413897,
1623141918230,0.431358,
1623141918231,2.468328,
1623141918232,2.947615,
1623141918233,1.078396,
1623141918234,4.816834,
1623141918235,4.673048,
1623141918236,-0.023964,
1623141918237,-3.283116,
1623141918238,-1.605611,
1623141918239,0.383430,
1623141918240,-0.790824,
1623141918241,5.104406,
1623141918242,-1.869219,
1623141918243,-2.851758,
1623141918244,-1.174253,
1623141918245,-1.749398,
1623141918246,2.013005,
1623141918247,-2.444364,
1623141918248,0.982538,
1623141918249,-11.742531,
1623141918250,4.601155,
1623141918251,4.601155,
1623141918252,4.433404,
1623141918253,-6.829840,
1623141918254,2.612114,
1623141918255,-1.461825,
1623141918256,-3.331044,
1623141918257,0.215679,
1623141918258,0.071893,
1623141918259,10.112955,
1623141918260,11.934246,
1623141918261,-9.945205,
1623141918262,-4.313583,
1623141918263,4.097904,
1623141918264,-7.644628,
1623141918265,2.228684,
1623141918266,2.276613,
1623141918267,-7.644628,
1623141918268,-2.324542,
1623141918269,-4.649084,
1623141918270,-0.766859,
1623141918271,3.906189,
1623141918272,-1.318039,
1623141918273,1.461825,
1623141918274,-2.060934,
1623141918275,-0.383430,
1623141918276,-0.982538,
1623141918277,1.198218,
1623141918278,-1.389932,
1623141918279,2.180756,
1623141918280,-0.431358,
1623141918281,-2.516257,
1623141918282,1.365968,
1623141918283,-2.108863,
1623141918284,4.601155,
1623141918285,-3.834296,
1623141918286,5.104406,
1623141918287,1.413897,
1623141918288,0.623073,
1623141918289,-0.287572,
1623141918290,2.156791,
1623141918291,-3.091401,
1623141918292,0.311537,
1623141918293,-11.766496,
1623141918294,-2.684007,
1623141918295,0.527216,
1623141918296,-0.886681,
1623141918297,-1.437861,
1623141918298,2.707972,
1623141918299,2.731936,
1623141918300,-1.030467,
1623141918301,-0.718930,
1623141918302,0.071893,
1623141918303,-1.509754,
1623141918304,-2.755900,
1623141918305,-0.694966,
1623141918306,0.455323,
1623141918307,-4.121868,
1623141918308,-2.779865,
1623141918309,1.030467,
1623141918310,1.917148,
1623141918311,0.790824,
1623141918312,-0.143786,
1623141918313,0.479287,
1623141918314,0.191715,
1623141918315,10.783957,
1623141918316,0.838752,
1623141918317,4.337547,
1623141918318,-0.287572,
1623141918319,0.862717,
1623141918320,-3.738438,
1623141918321,-0.335501,
1623141918322,-3.043472,
1623141918323,-1.677504,
1623141918324,0.575144,
1623141918325,1.054431,
1623141918326,-11.646674,
1623141918327,4.816834,
1623141918328,-2.779865,
1623141918329,0.718930,
1623141918330,1.605611,
1623141918331,1.150289,
1623141918332,2.108863,
1623141918333,-1.294075,
1623141918334,-2.156791,
1623141918335,-0.910645,
1623141918336,1.749398,
1623141918337,1.150289,
1623141918338,-3.067437,
1623141918339,-2.444364,
1623141918340,-2.612114,
1623141918341,0.383430,
1623141918342,-0.431358,
1623141918343,1.605611,
1623141918344,0.647037,
1623141918345,-1.653540,
1623141918346,1.749398,
1623141918347,-1.749398,
1623141918348,-0.838752,
1623141918349,23.604883,
1623141918350,-6.829840,
1623141918351,-0.886681,
1623141918352,4.433404,
1623141918353,-3.331044,
1623141918354,-0.694966,
1623141918355,-1.605611,
1623141918356,0.623073,
1623141918357,0.599109,
1623141918358,25.354282,
1623141918359,-0.718930,
1623141918360,-2.707972,
1623141918361,2.875722,
1623141918362,-5.487836,
1623141918363,-0.047929,
1623141918364,0.431358,
1623141918365,2.899686,
1623141918366,-2.108863,
1623141918367,0.623073,
1623141918368,-0.407394,
1623141918369,-0.694966,
1623141918370,-6.374517,
1623141918371,2.300578,
1623141918372,0.407394,
1623141918373,0.143786,
1623141918374,5.272157,
1623141918375,1.365968,
1623141918376,1.677504,
1623141918377,1.030467,
1623141918378,1.821290,
1623141918379,-1.869219,
1623141918380,-21.927380,
1623141918381,12.245783,
1623141918382,-5.607658,
1623141918383,-6.829840,
1623141918384,3.810332,
1623141918385,-6.518303,
1623141918386,4.145833,
1623141918387,1.845255,
1623141918388,-7.740485,
1623141918389,2.324542,
1623141918390,1.797326,
1623141918391,2.468328,
1623141918392,1.845255,
1623141918393,-9.513846,
1623141918394,-4.625119,
1623141918395,4.097904,
1623141918396,-1.941112,
1623141918397,-1.318039,
1623141918398,2.372471,
1623141918399,0.647037,
1623141918400,-3.618617,
1623141918401,2.180756,
1623141918402,3.283116,
1623141918403,-0.215679,
1623141918404,0.383430,
1623141918405,0.239643,
1623141918406,6.230731,
1623141918407,-1.461825,
1623141918408,0.239643,
1623141918409,-0.671002,
1623141918410,-2.516257,
1623141918411,0.671002,
1623141918412,-2.516257,
1623141918413,1.581647,
1623141918414,0.982538,
1623141918415,4.864763,
1623141918416,-6.326588,
1623141918417,2.612114,
1623141918418,-2.276613,
1623141918419,1.365968,
1623141918420,-2.707972,
1623141918421,0.143786,
1623141918422,0.359465,
1623141918423,0.023964,
1623141918424,-1.461825,
1623141918425,-22.023237,
1623141918426,-3.163294,
1623141918427,-0.311537,
1623141918428,0.790824,
1623141918429,4.912692,
1623141918430,1.965077,
1623141918431,-2.444364,
1623141918432,-1.342004,
1623141918433,4.601155,
1623141918434,2.923651,
1623141918435,-5.344050,
1623141918436,-1.006503,
1623141918437,-2.300578,
1623141918438,-0.934610,
1623141918439,0.934610,
1623141918440,0.575144,
1623141918441,3.211223,
1623141918442,-0.167750,
1623141918443,1.845255,
1623141918444,-2.636078,
1623141918445,-2.899686,
1623141918446,-2.684007,
1623141918447,0.886681,
1623141918448,-1.102360,
1623141918449,-2.516257,
1623141918450,0.143786,
1623141918451,-1.365968,
1623141918452,1.461825,
1623141918453,-0.647037,
1623141918454,-5.679551,
1623141918455,0.694966,
1623141918456,-0.215679,
1623141918457,-12.772998,
1623141918458,-1.941112,
1623141918459,-0.790824,
1623141918460,-7.884271,
1623141918461,-0.095857,
1623141918462,2.875722,
1623141918463,1.413897,
1623141918464,-6.302624,
1623141918465,-4.193761,
1623141918466,-3.283116,
1623141918467,-1.701469,
1623141918468,0.335501,
1623141918469,6.134873,
1623141918470,2.612114,
1623141918471,2.180756,
1623141918472,2.971579,
1623141918473,-1.246146,
1623141918474,-1.509754,
1623141918475,3.690510,
1623141918476,1.246146,
1623141918477,-0.431358,
1623141918478,1.365968,
1623141918479,1.509754,
1623141918480,-14.953753,
1623141918481,5.080442,
1623141918482,-0.671002,
1623141918483,-1.078396,
1623141918484,2.684007,
1623141918485,2.228684,
1623141918486,-0.838752,
1623141918487,2.492292,
1623141918488,-2.156791,
1623141918489,4.361512,
1623141918490,1.749398,
1623141918491,0.862717,
1623141918492,7.836342,
1623141918493,9.394025,
1623141918494,-0.503251,
1623141918495,-9.417989,
1623141918496,-1.342004,
1623141918497,1.006503,
1623141918498,5.200264,
1623141918499,-9.537811,
1623141918500,-0.095857,
1623141918501,3.259151,
1623141918502,2.564185,
1623141918503,-0.359465,
1623141918504,3.762403,
1623141918505,1.725433,
1623141918506,0.383430,
1623141918507,2.947615,
1623141918508,-0.071893,
1623141918509,3.402938,
1623141918510,1.413897,
1623141918511,0.311537,
1623141918512,-1.342004,
1623141918513,-7.381020,
1623141918514,-18.476513,
1623141918515,-0.095857,
1623141918516,-7.452913,
1623141918517,-0.143786,
1623141918518,1.030467,
1623141918519,0.071893,
1623141918520,-3.618617,
1623141918521,-1.797326,
1623141918522,-1.174253,
1623141918523,8.171844,
1623141918524,-3.091401,
1623141918525,6.829840,
1623141918526,0.287572,
1623141918527,1.294075,
1623141918528,2.684007,
1623141918529,2.420399,
1623141918530,-1.989041,
1623141918531,0.191715,
1623141918532,-3.498795,
1623141918533,-2.731936,
1623141918534,-0.886681,
1623141918535,-0.862717,
1623141918536,1.677504,
1623141918537,2.108863,
1623141918538,-0.862717,
1623141918539,3.259151,
1623141918540,-1.869219,
1623141918541,3.618617,
1623141918542,-5.272157,
1623141918543,-3.211223,
1623141918544,3.139330,
1623141918545,-3.139330,
1623141918546,0.694966,
1623141918547,-0.599109,
1623141918548,2.252649,
1623141918549,-0.551180,
1623141918550,0.766859,
1623141918551,5.008549,
1623141918552,-6.877768,
1623141918553,-2.036970,
1623141918554,4.481333,
1623141918555,-3.498795,
1623141918556,1.557683,
1623141918557,-1.150289,
1623141918558,5.775408,
1623141918559,0.383430,
1623141918560,-2.636078,
1623141918561,2.516257,
1623141918562,-2.468328,
1623141918563,-2.396435,
1623141918564,1.821290,
1623141918565,-2.156791,
1623141918566,2.492292,
1623141918567,-0.551180,
1623141918568,2.180756,
1623141918569,-0.095857,
1623141918570,0.023964,
1623141918571,-0.479287,
1623141918572,-0.311537,
1623141918573,1.174253,
1623141918574,-1.054431,
1623141918575,1.078396,
1623141918576,7.956164,
1623141918577,-3.355009,
1623141918578,-3.402938,
1623141918579,2.516257,
1623141918580,0.527216,
1623141918581,1.150289,
1623141918582,0.862717,
1623141918583,3.139330,
1623141918584,-3.498795,
1623141918585,0.000000,
1623141918586,-2.995544,
1623141918587,-0.982538,
1623141918588,-0.071893,
1623141918589,1.030467,
1623141918590,-1.845255,
1623141918591,0.311537,
1623141918592,-38.798283,
1623141918593,4.241690,
1623141918594,9.226274,
1623141918595,2.420399,
1623141918596,-0.671002,
1623141918597,1.989041,
1623141918598,1.222182,
1623141918599,1.342004,
1623141918600,1.126324,
1623141918601,2.013005,
1623141918602,-2.420399,
1623141918603,-0.359465,
1623141918604,0.790824,
1623141918605,0.910645,
1623141918606,0.000000,
1623141918607,-3.043472,
1623141918608,0.119822,
1623141918609,-0.263608,
1623141918610,0.503251,
1623141918611,-0.239643,
1623141918612,-9.250238,
1623141918613,-5.152335,
1623141918614,-1.342004,
1623141918615,-0.838752,
1623141918616,0.287572,
1623141918617,2.636078,
1623141918618,-1.989041,
1623141918619,-0.742895,
1623141918620,1.294075,
1623141918621,1.102360,
1623141918622,-3.115366,
1623141918623,-2.300578,
1623141918624,-6.422446,
1623141918625,-1.677504,
1623141918626,-7.740485,
1623141918627,-3.187258,
1623141918628,-3.954118,
1623141918629,1.078396,
1623141918630,4.241690,
1623141918631,-3.115366,
1623141918632,-0.503251,
1623141918633,-1.749398,
1623141918634,1.629576,
1623141918635,3.019508,
1623141918636,-1.509754,
1623141918637,2.372471,
1623141918638,4.026011,
1623141918639,-3.786367,
1623141918640,3.858260,
1623141918641,0.383430,
1623141918642,-1.509754,
1623141918643,2.899686,
1623141918644,1.509754,
1623141918645,-2.564185,
1623141918646,-0.215679,
1623141918647,-1.749398,
1623141918648,-1.749398,
1623141918649,0.790824,
1623141918650,3.618617,
1623141918651,4.193761,
1623141918652,-1.102360,
1623141918653,1.270110,
1623141918654,-2.276613,
1623141918655,1.318039,
1623141918656,2.971579,
1623141918657,-9.298167,
1623141918658,-2.731936,
1623141918659,3.307080,
1623141918660,-0.239643,
1623141918661,-1.126324,
1623141918662,2.348506,
1623141918663,2.947615,
1623141918664,-4.744941,
1623141918665,1.198218,
1623141918666,-3.834296,
1623141918667,-5.463871,
1623141918668,-0.886681,
1623141918669,-4.121868,
1623141918670,-1.102360,
1623141918671,1.557683,
1623141918672,0.119822,
1623141918673,1.054431,
1623141918674,0.023964,
1623141918675,1.270110,
1623141918676,-0.167750,
1623141918677,0.910645,
1623141918678,0.790824,
1623141918679,-0.215679,
1623141918680,0.095857,
1623141918681,4.097904,
1623141918682,-0.095857,
1623141918683,-1.413897,
1623141918684,-0.575144,
1623141918685,2.132827,
1623141918686,0.599109,
1623141918687,-1.198218,
1623141918688,1.509754,
1623141918689,-5.008549,
1623141918690,-3.978082,
1623141918691,3.331044,
1623141918692,2.851758,
1623141918693,0.143786,
1623141918694,-0.527216,
1623141918695,0.503251,
1623141918696,-2.013005,
1623141918697,1.797326,
1623141918698,-1.413897,
1623141918699,2.492292,
1623141918700,1.150289,
1623141918701,-7.237234,
1623141918702,-2.036970,
1623141918703,1.845255,
1623141918704,-0.575144,
1623141918705,1.246146,
1623141918706,1.845255,
1623141918707,3.043472,
1623141918708,-2.588150,
1623141918709,-0.191715,
1623141918710,0.455323,
1623141918711,0.311537,
1623141918712,-1.222182,
1623141918713,-1.342004,
1623141918714,-0.527216,
1623141918715,1.342004,
1623141918716,-3.522759,
1623141918717,-2.324542,
1623141918718,3.786367,
1623141918719,-0.359465,
1623141918720,2.013005,
1623141918721,-1.174253,
1623141918722,4.145833,
1623141918723,12.078032,
1623141918724,-1.413897,
1623141918725,3.786367,
1623141918726,0.047929,
1623141918727,2.060934,
1623141918728,-2.396435,
1623141918729,1.198218,
1623141918730,2.013005,
1623141918731,1.461825,
1623141918732,-0.311537,
1623141918733,-2.492292,
1623141918734,-2.252649,
1623141918735,1.941112,
1623141918736,-0.862717,
1623141918737,2.228684,
1623141918738,4.002046,
1623141918739,0.287572,
1623141918740,1.126324,
1623141918741,1.270110,
1623141918742,-0.982538,
1623141918743,0.886681,
1623141918744,-2.372471,
1623141918745,-5.655586,
1623141918746,4.145833,
1623141918747,-3.522759,
1623141918748,2.612114,
1623141918749,-1.893184,
1623141918750,3.019508,
1623141918751,-0.119822,
1623141918752,0.215679,
1623141918753,0.742895,
1623141918754,-1.198218,
1623141918755,-1.653540,
1623141918756,-2.492292,
1623141918757,3.187258,
1623141918758,-5.967123,
1623141918759,8.818880,
1623141918760,-3.139330,
1623141918761,2.707972,
1623141918762,-1.030467,
1623141918763,1.222182,
1623141918764,2.180756,
1623141918765,2.492292,
1623141918766,-5.272157,
1623141918767,2.731936,
1623141918768,-2.132827,
1623141918769,2.707972,
1623141918770,4.073939,
1623141918771,0.479287,
1623141918772,-0.407394,
1623141918773,1.150289,
1623141918774,0.407394,
1623141918775,-0.647037,
1623141918776,0.335501,
1623141918777,-1.749398,
1623141918778,-2.156791,
1623141918779,2.300578,
1623141918780,-1.198218,
1623141918781,-0.095857,
1623141918782,0.790824,
1623141918783,1.365968,
1623141918784,-2.300578,
1623141918785,-1.509754,
1623141918786,-3.762403,
1623141918787,2.324542,
1623141918788,-1.749398,
1623141918789,-14.738074,
1623141918790,-15.001682,
1623141918791,-5.224228,
1623141918792,7.333091,
1623141918793,-8.315629,
1623141918794,-3.834296,
1623141918795,7.213269,
1623141918796,-5.775408,
1623141918797,0.575144,
1623141918798,-1.629576,
1623141918799,2.252649,
1623141918800,3.450866,
1623141918801,3.618617,
1623141918802,2.156791,
1623141918803,-1.437861,
1623141918804,-1.629576,
1623141918805,-1.893184,
1623141918806,-1.653540,
1623141918807,0.838752,
1623141918808,2.660043,
1623141918809,0.958574,
1623141918810,-1.557683,
1623141918811,2.684007,
1623141918812,-0.359465,
1623141918813,2.132827,
1623141918814,1.174253,
1623141918815,0.023964,
1623141918816,0.623073,
1623141918817,-1.437861,
1623141918818,-2.803829,
1623141918819,0.047929,
1623141918820,-4.217725,
1623141918821,5.128371,
1623141918822,2.827793,
1623141918823,-3.762403,
1623141918824,0.862717,
1623141918825,3.666545,
1623141918826,2.468328,
1623141918827,-0.479287,
1623141918828,6.446410,
1623141918829,4.816834,
1623141918830,-0.934610,
1623141918831,0.790824,
1623141918832,-6.302624,
1623141918833,-4.960620,
1623141918834,-2.348506,
1623141918835,-2.731936,
1623141918836,0.838752,
1623141918837,1.365968,
1623141918838,0.575144,
1623141918839,-0.239643,
1623141918840,-3.762403,
1623141918841,-1.893184,
1623141918842,-0.311537,
1623141918843,-14.762039,
1623141918844,-5.056478,
1623141918845,-0.694966,
1623141918846,-2.947615,
1623141918847,-2.300578,
1623141918848,-2.636078,
1623141918849,0.527216,
1623141918850,-0.982538,
1623141918851,1.605611,
1623141918852,0.671002,
1623141918853,-0.143786,
1623141918854,-1.581647,
1623141918855,-8.603201,
1623141918856,-0.359465,
1623141918857,-2.684007,
1623141918858,7.908235,
1623141918859,-3.283116,
1623141918860,5.727479,
1623141918861,-3.978082,
1623141918862,2.060934,
1623141918863,0.647037,
1623141918864,-6.254695,
1623141918865,-1.365968,
1623141918866,2.156791,
1623141918867,-2.084898,
1623141918868,-3.019508,
1623141918869,0.814788,
1623141918870,-2.156791,
1623141918871,4.697012,
1623141918872,2.324542,
1623141918873,-4.169797,
1623141918874,-0.599109,
1623141918875,-0.623073,
1623141918876,0.862717,
1623141918877,-7.500841,
1623141918878,5.248192,
1623141918879,-8.171844,
1623141918880,0.503251,
1623141918881,-2.684007,
1623141918882,4.097904,
1623141918883,-2.204720,
1623141918884,2.420399,
1623141918885,0.479287,
1623141918886,14.857897,
1623141918887,-5.439907,
1623141918888,-6.662089,
1623141918889,5.272157,
1623141918890,0.503251,
1623141918891,-2.947615,
1623141918892,3.426902,
1623141918893,-4.073939,
1623141918894,-2.636078,
1623141918895,5.391979,
1623141918896,0.671002,
1623141918897,-0.814788,
1623141918898,0.910645,
1623141918899,2.108863,
1623141918900,-7.189305,
1623141918901,2.540221,
1623141918902,1.294075,
1623141918903,1.629576,
1623141918904,-2.348506,
1623141918905,3.187258,
1623141918906,1.629576,
1623141918907,0.694966,
1623141918908,1.365968,
1623141918909,-1.797326,
1623141918910,-1.294075,
1623141918911,-3.211223,
1623141918912,-0.503251,
1623141918913,0.790824,
1623141918914,-1.030467,
1623141918915,-4.049975,
1623141918916,4.073939,
1623141918917,0.359465,
1623141918918,-1.485790,
1623141918919,-0.982538,
1623141918920,-1.533718,
1623141918921,4.361512,
1623141918922,-6.110909,
1623141918923,5.368014,
1623141918924,2.827793,
1623141918925,0.383430,
1623141918926,-1.677504,
1623141918927,-2.036970,
1623141918928,2.060934,
1623141918929,-1.222182,
1623141918930,1.653540,
1623141918931,-5.080442,
1623141918932,1.629576,
1623141918933,-2.396435,
1623141918934,2.468328,
1623141918935,-1.102360,
1623141918936,1.797326,
1623141918937,-2.731936,
1623141918938,0.335501,
1623141918939,-2.348506,
1623141918940,-16.751080,
1623141918941,6.997590,
1623141918942,-0.119822,
1623141918943,-1.629576,
1623141918944,-7.357055,
1623141918945,2.564185,
1623141918946,1.749398,
1623141918947,-1.485790,
1623141918948,0.239643,
1623141918949,-0.790824,
1623141918950,-0.886681,
1623141918951,1.006503,
1623141918952,-3.163294,
1623141918953,0.527216,
1623141918954,0.551180,
1623141918955,-33.406303,
1623141918956,4.601155,
1623141918957,8.363558,
1623141918958,-1.174253,
1623141918959,-1.773362,
1623141918960,-0.359465,
1623141918961,-2.108863,
1623141918962,-7.476877,
1623141918963,-0.383430,
1623141918964,2.084898,
1623141918965,4.697012,
1623141918966,-0.647037,
1623141918967,0.239643,
1623141918968,-2.707972,
1623141918969,0.167750,
1623141918970,1.629576,
1623141918971,0.766859,
1623141918972,1.797326,
1623141918973,-0.671002,
1623141918974,2.372471,
1623141918975,-0.623073,
1623141918976,12.054068,
1623141918977,-6.518303,
1623141918978,1.246146,
1623141918979,0.766859,
1623141918980,-1.605611,
1623141918981,0.479287,
1623141918982,1.581647,
1623141918983,-0.551180,
1623141918984,1.437861,
1623141918985,0.023964,
1623141918986,-25.474104,
1623141918987,12.461462,
1623141918988,-3.882225,
1623141918989,-1.989041,
1623141918990,-0.838752,
1623141918991,1.653540,
1623141918992,-1.749398,
1623141918993,1.342004,
1623141918994,6.614161,
1623141918995,1.389932,
1623141918996,2.707972,
1623141918997,0.191715,
1623141918998,-1.342004,
1623141918999,-3.043472,
1623141919000,-1.701469,
1623141919001,3.450866,
1623141919002,0.359465,
1623141919003,-2.228684,
1623141919004,-0.311537,
1623141919005,-2.036970,
1623141919006,-4.481333,
1623141919007,-0.143786,
1623141919008,0.886681,
1623141919009,-2.204720,
1623141919010,-0.527216,
1623141919011,-3.738438,
1623141919012,-3.834296,
1623141919013,-8.459415,
1623141919014,-3.139330,
1623141919015,2.013005,
1623141919016,-1.797326,
1623141919017,2.060934,
1623141919018,-6.446410,
1623141919019,6.686053,
1623141919020,-10.879814,
1623141919021,5.248192,
1623141919022,1.437861,
1623141919023,-0.479287,
1623141919024,-4.409440,
1623141919025,-1.102360,
1623141919026,3.307080,
1623141919027,-0.023964,
1623141919028,-5.104406,
1623141919029,2.612114,
1623141919030,-0.239643,
1623141919031,0.047929,
1623141919032,1.078396,
1623141919033,-0.718930,
1623141919034,-2.180756,
1623141919035,-1.294075,
1623141919036,-2.156791,
1623141919037,-1.078396,
1623141919038,0.718930,
1623141919039,1.581647,
1623141919040,1.102360,
1623141919041,0.359465,
1623141919042,10.424492,
1623141919043,11.430995,
1623141919044,-2.060934,
1623141919045,-2.324542,
1623141919046,2.180756,
1623141919047,-1.797326,
1623141919048,1.318039,
1623141919049,1.078396,
1623141919050,1.294075,
1623141919051,-2.204720,
1623141919052,-7.117412,
1623141919053,-6.398481,
1623141919054,4.840798,
1623141919055,-0.742895,
1623141919056,-2.036970,
1623141919057,0.191715,
1623141919058,2.204720,
1623141919059,-1.701469,
1623141919060,-0.958574,
1623141919061,-5.008549,
1623141919062,-0.862717,
1623141919063,2.204720,
1623141919064,3.498795,
1623141919065,-1.725433,
1623141919066,-2.036970,
1623141919067,-4.026011,
1623141919068,0.647037,
1623141919069,0.599109,
1623141919070,-2.204720,
1623141919071,0.455323,
1623141919072,-3.259151,
1623141919073,-0.479287,
1623141919074,-0.527216,
1623141919075,-0.191715,
1623141919076,-1.126324,
1623141919077,2.660043,
1623141919078,0.982538,
1623141919079,-0.311537,
1623141919080,-1.461825,
1623141919081,4.073939,
1623141919082,2.300578,
1623141919083,-1.270110,
1623141919084,-0.479287,
1623141919085,-4.481333,
1623141919086,-20.681232,
1623141919087,9.609704,
1623141919088,0.335501,
1623141919089,-1.246146,
1623141919090,2.180756,
1623141919091,-2.013005,
1623141919092,2.947615,
1623141919093,-3.043472,
1623141919094,2.228684,
1623141919095,2.180756,
1623141919096,-1.054431,
1623141919097,2.228684,
1623141919098,0.143786,
1623141919099,0.263608,
1623141919100,0.239643,
1623141919101,1.198218,
1623141919102,-0.718930,
1623141919103,0.838752,
1623141919104,-0.551180,
1623141919105,-2.827793,
1623141919106,0.239643,
1623141919107,-20.777090,
1623141919108,10.712064,
1623141919109,1.150289,
1623141919110,-0.910645,
1623141919111,-2.108863,
1623141919112,0.455323,
1623141919113,3.570688,
1623141919114,1.653540,
1623141919115,-0.215679,
1623141919116,-0.479287,
1623141919117,-0.239643,
1623141919118,-2.084898,
1623141919119,1.989041,
1623141919120,22.262880,
1623141919121,-3.858260,
1623141919122,4.649084,
1623141919123,9.465918,
1623141919124,2.636078,
1623141919125,2.851758,
1623141919126,-4.385476,
1623141919127,-0.886681,
1623141919128,4.073939,
1623141919129,4.840798,
1623141919130,-2.372471,
1623141919131,2.420399,
1623141919132,-0.742895,
1623141919133,-0.119822,
1623141919134,4.217725,
1623141919135,4.744941,
1623141919136,-0.910645,
1623141919137,2.827793,
1623141919138,5.415943,
1623141919139,2.684007,
1623141919140,0.143786,
1623141919141,-3.906189,
1623141919142,0.694966,
1623141919143,0.551180,
1623141919144,-2.875722,
1623141919145,2.108863,
1623141919146,-4.577191,
1623141919147,-1.437861,
1623141919148,-1.869219,
1623141919149,1.893184,
1623141919150,-0.838752,
1623141919151,-1.078396,
1623141919152,-16.822973,
1623141919153,-6.542267,
1623141919154,2.468328,
1623141919155,-9.753490,
1623141919156,-0.934610,
1623141919157,-11.095493,
1623141919158,-3.570688,
1623141919159,0.383430,
1623141919160,-2.420399,
1623141919161,5.224228,
1623141919162,-3.139330,
1623141919163,-1.533718,
1623141919164,-2.899686,
1623141919165,-1.581647,
1623141919166,1.917148,
1623141919167,0.407394,
1623141919168,-2.036970,
1623141919169,2.588150,
1623141919170,0.527216,
1623141919171,0.071893,
1623141919172,2.995544,
1623141919173,-1.006503,
1623141919174,-2.228684,
1623141919175,0.862717,
1623141919176,-0.814788,
1623141919177,2.923651,
1623141919178,0.742895,
1623141919179,0.551180,
1623141919180,-10.232777,
1623141919181,-0.934610,
1623141919182,1.294075,
1623141919183,-2.060934,
1623141919184,7.812378,
1623141919185,-4.529262,
1623141919186,3.762403,
1623141919187,-3.211223,
1623141919188,-0.239643,
1623141919189,-2.803829,
1623141919190,-3.067437,
1623141919191,2.971579,
1623141919192,8.123915,
1623141919193,0.263608,
1623141919194,3.091401,
1623141919195,-4.577191,
1623141919196,-11.430995,
1623141919197,-6.110909,
1623141919198,-2.779865,
1623141919199,-2.084898,
1623141919200,-1.150289,
1623141919201,0.790824,
1623141919202,-2.132827,
1623141919203,-2.204720,
1623141919204,0.359465,
1623141919205,1.365968,
1623141919206,-0.814788,
1623141919207,7.357055,
1623141919208,2.540221,
1623141919209,-0.599109,
1623141919210,-0.047929,
1623141919211,2.108863,
1623141919212,-1.413897,
1623141919213,0.694966,
1623141919214,-1.581647,
1623141919215,-2.707972,
1623141919216,-6.422446,
1623141919217,-2.252649,
1623141919218,-0.934610,
1623141919219,-3.666545,
1623141919220,-3.163294,
1623141919221,6.638125,
1623141919222,0.383430,
1623141919223,-3.043472,
1623141919224,2.612114,
1623141919225,-7.836342,
1623141919226,10.088991,
1623141919227,-5.296121,
1623141919228,-1.102360,
1623141919229,-4.097904,
1623141919230,1.773362,
1623141919231,0.119822,
1623141919232,-0.119822,
1623141919233,0.910645,
1623141919234,-0.647037,
1623141919235,0.071893,
1623141919236,-3.307080,
1623141919237,-1.102360,
1623141919238,0.814788,
1623141919239,-0.383430,
1623141919240,0.766859,
1623141919241,-7.428948,
1623141919242,5.895230,
1623141919243,-7.213269,
1623141919244,1.509754,
1623141919245,-1.246146,
1623141919246,-0.311537,
1623141919247,-1.701469,
1623141919248,-0.958574,
1623141919249,-0.359465,
1623141919250,-0.934610,
1623141919251,-2.372471,
1623141919252,0.958574,
1623141919253,0.431358,
1623141919254,0.119822,
1623141919255,5.320086,
1623141919256,-1.126324,
1623141919257,-1.509754,
1623141919258,5.751444,
1623141919259,0.287572,
1623141919260,4.720977,
1623141919261,0.838752,
1623141919262,1.078396,
1623141919263,-4.121868,
1623141919264,0.383430,
1623141919265,2.971579,
1623141919266,-2.252649,
1623141919267,9.921241,
1623141919268,-2.228684,
1623141919269,-1.365968,
1623141919270,6.254695,
1623141919271,0.263608,
1623141919272,0.071893,
1623141919273,-3.954118,
1623141919274,4.073939,
1623141919275,-0.119822,
1623141919276,-1.318039,
1623141919277,0.191715,
1623141919278,7.309126,
1623141919279,-8.459415,
1623141919280,2.564185,
1623141919281,2.636078,
1623141919282,1.749398,
1623141919283,0.718930,
1623141919284,-6.015052,
1623141919285,1.198218,
1623141919286,-5.991087,
1623141919287,1.461825,
1623141919288,4.193761,
1623141919289,3.067437,
1623141919290,-1.605611,
1623141919291,-0.287572,
1623141919292,-1.677504,
1623141919293,-1.437861,
1623141919294,-0.503251,
1623141919295,-2.612114,
1623141919296,3.930153,
1623141919297,-0.071893,
1623141919298,-0.119822,
1623141919299,-0.383430,
1623141919300,-4.313583,
1623141919301,-2.396435,
1623141919302,2.947615,
1623141919303,-1.365968,
1623141919304,-9.058524,
1623141919305,-3.426902,
1623141919306,4.697012,
1623141919307,0.407394,
1623141919308,3.786367,
1623141919309,3.714474,
1623141919310,0.191715,
1623141919311,-1.461825,
1623141919312,-1.629576,
1623141919313,0.886681,
1623141919314,0.143786,
1623141919315,2.420399,
1623141919316,1.869219,
1623141919317,-0.383430,
1623141919318,36.617527,
1623141919319,0.215679,
1623141919320,-2.851758,
1623141919321,-1.845255,
1623141919322,-2.468328,
1623141919323,-2.684007,
1623141919324,1.533718,
1623141919325,-2.036970,
1623141919326,-3.546724,
1623141919327,-2.588150,
1623141919328,4.026011,
1623141919329,0.742895,
1623141919330,-0.431358,
1623141919331,1.006503,
1623141919332,-1.773362,
1623141919333,0.047929,
1623141919334,-1.461825,
1623141919335,2.204720,
1623141919336,-1.461825,
1623141919337,-0.335501,
1623141919338,-0.527216,
1623141919339,-6.446410,
1623141919340,-2.923651,
1623141919341,-1.078396,
1623141919342,1.198218,
1623141919343,-2.348506,
1623141919344,1.413897,
1623141919345,1.893184,
1623141919346,-1.773362,
1623141919347,5.415943,
1623141919348,2.875722,
1623141919349,5.104406,
1623141919350,-16.990723,
1623141919351,-3.738438,
1623141919352,-3.906189,
1623141919353,1.797326,
1623141919354,-2.156791,
1623141919355,2.324542,
1623141919356,0.479287,
1623141919357,8.171844,
1623141919358,7.524806,
1623141919359,3.714474,
1623141919360,4.457369,
1623141919361,4.049975,
1623141919362,-3.259151,
1623141919363,0.958574,
1623141919364,3.259151,
1623141919365,2.420399,
1623141919366,3.450866,
1623141919367,-2.540221,
1623141919368,-1.509754,
1623141919369,1.389932,
1623141919370,-4.744941,
1623141919371,2.276613,
1623141919372,-0.599109,
1623141919373,-0.287572,
1623141919374,-0.742895,
1623141919375,0.071893,
1623141919376,-0.023964,
1623141919377,-0.886681,
1623141919378,4.002046,
1623141919379,-2.875722,
1623141919380,-0.766859,
1623141919381,6.230731,
1623141919382,-2.300578,
1623141919383,-19.674730,
1623141919384,-6.901732,
1623141919385,-6.350553,
1623141919386,2.803829,
1623141919387,-5.775408,
1623141919388,-2.013005,
1623141919389,0.359465,
1623141919390,6.710018,
1623141919391,-3.091401,
1623141919392,1.677504,
1623141919393,1.845255,
1623141919394,-6.350553,
1623141919395,-0.886681,
1623141919396,-2.660043,
1623141919397,-8.267700,
1623141919398,-7.213269,
1623141919399,-5.368014,
1623141919400,1.030467,
1623141919401,2.180756,
1623141919402,-0.071893,
1623141919403,-0.095857,
1623141919404,1.030467,
1623141919405,-1.509754,
1623141919406,5.320086,
1623141919407,-2.516257,
1623141919408,-0.671002,
1623141919409,1.102360,
1623141919410,0.167750,
1623141919411,0.766859,
1623141919412,2.180756,
1623141919413,2.516257,
1623141919414,-0.503251,
1623141919415,2.036970,
1623141919416,-2.132827,
1623141919417,1.030467,
1623141919418,1.845255,
1623141919419,2.156791,
1623141919420,-0.766859,
1623141919421,1.749398,
1623141919422,0.934610,
1623141919423,0.575144,
1623141919424,-0.071893,
1623141919425,-2.060934,
1623141919426,0.694966,
1623141919427,1.150289,
1623141919428,0.311537,
1623141919429,-4.026011,
1623141919430,-4.002046,
1623141919431,-0.359465,
1623141919432,1.629576,
1623141919433,1.030467,
1623141919434,-3.810332,
1623141919435,4.529262,
1623141919436,2.324542,
1623141919437,0.311537,
1623141919438,-1.150289,
1623141919439,7.572734,
1623141919440,-3.331044,
1623141919441,5.775408,
1623141919442,2.324542,
1623141919443,-0.287572,
1623141919444,-4.097904,
1623141919445,6.398481,
1623141919446,-2.180756,
1623141919447,1.533718,
1623141919448,-0.287572,
1623141919449,-5.104406,
1623141919450,3.738438,
1623141919451,9.130417,
1623141919452,-0.623073,
1623141919453,1.893184,
1623141919454,2.180756,
1623141919455,-3.474831,
1623141919456,3.858260,
1623141919457,0.431358,
1623141919458,-2.612114,
1623141919459,0.958574,
1623141919460,2.851758,
1623141919461,-1.078396,
1623141919462,-1.318039,
1623141919463,0.143786,
1623141919464,-1.749398,
1623141919465,2.300578,
1623141919466,-7.069483,
1623141919467,-1.246146,
1623141919468,1.413897,
1623141919469,-0.599109,
1623141919470,-0.023964,
1623141919471,-5.463871,
1623141919472,2.276613,
1623141919473,0.599109,
1623141919474,1.342004,
1623141919475,-2.252649,
1623141919476,1.318039,
1623141919477,2.755900,
1623141919478,1.437861,
1623141919479,-1.485790,
1623141919480,-1.174253,
1623141919481,-0.982538,
1623141919482,0.694966,
1623141919483,15.984221,
1623141919484,3.259151,
1623141919485,3.882225,
1623141919486,2.516257,
1623141919487,-0.862717,
1623141919488,-1.054431,
1623141919489,0.479287,
1623141919490,1.701469,
1623141919491,3.498795,
1623141919492,2.803829,
1623141919493,-4.409440,
1623141919494,0.479287,
1623141919495,0.910645,
1623141919496,2.372471,
1623141919497,2.492292,
1623141919498,-2.612114,
1623141919499,3.115366,
1623141919500,-1.509754,
1623141919501,0.886681,
1623141919502,15.672685,
1623141919503,-4.816834,
1623141919504,-0.934610,
1623141919505,-3.882225,
1623141919506,5.272157,
1623141919507,-1.821290,
1623141919508,1.653540,
1623141919509,-1.533718,
1623141919510,-0.982538,
1623141919511,1.989041,
1623141919512,-3.594652,
1623141919513,-0.119822,
1623141919514,4.217725,
1623141919515,-1.222182,
1623141919516,21.903416,
1623141919517,4.529262,
1623141919518,-4.888727,
1623141919519,3.474831,
1623141919520,4.936656,
1623141919521,-3.858260,
1623141919522,5.871265,
1623141919523,-1.054431,
1623141919524,-3.378973,
1623141919525,-0.143786,
1623141919526,2.396435,
1623141919527,3.307080,
1623141919528,1.318039,
1623141919529,3.378973,
1623141919530,-0.335501,
1623141919531,-1.198218,
1623141919532,-1.461825,
1623141919533,-2.372471,
1623141919534,2.396435,
1623141919535,2.084898,
1623141919536,0.023964,
1623141919537,-0.503251,
1623141919538,2.060934,
1623141919539,1.342004,
1623141919540,0.694966,
1623141919541,-0.910645,
1623141919542,-0.479287,
1623141919543,2.779865,
1623141919544,6.326588,
1623141919545,1.030467,
1623141919546,-2.875722,
1623141919547,5.799373,
1623141919548,-3.019508,
1623141919549,3.642581,
1623141919550,-7.141376,
1623141919551,1.893184,
1623141919552,-3.906189,
1623141919553,2.660043,
1623141919554,7.740485,
1623141919555,3.882225,
1623141919556,-4.097904,
1623141919557,-0.311537,
1623141919558,-2.084898,
1623141919559,-6.470374,
1623141919560,-3.115366,
1623141919561,-2.779865,
1623141919562,2.420399,
1623141919563,-0.215679,
1623141919564,0.647037,
1623141919565,1.318039,
1623141919566,-2.108863,
1623141919567,2.132827,
1623141919568,-1.389932,
1623141919569,1.102360,
1623141919570,-1.030467,
1623141919571,2.684007,
1623141919572,6.350553,
1623141919573,-1.150289,
1623141919574,2.947615,
1623141919575,-0.407394,
1623141919576,1.126324,
1623141919577,-0.119822,
1623141919578,1.461825,
1623141919579,-0.838752,
1623141919580,0.000000,
1623141919581,-0.095857,
1623141919582,9.753490,
1623141919583,5.152335,
1623141919584,-2.420399,
1623141919585,-0.239643,
1623141919586,0.143786,
1623141919587,0.239643,
1623141919588,4.313583,
1623141919589,-2.228684,
1623141919590,-2.707972,
1623141919591,-1.533718,
1623141919592,0.503251,
1623141919593,2.420399,
1623141919594,0.718930,
1623141919595,1.917148,
1623141919596,-3.259151,
1623141919597,-2.204720,
1623141919598,1.869219,
1623141919599,0.814788,
1623141919600,-0.694966,
1623141919601,-1.174253,
1623141919602,1.342004,
1623141919603,1.078396,
1623141919604,1.605611,
1623141919605,-9.705562,
1623141919606,4.409440,
1623141919607,-5.799373,
1623141919608,1.389932,
1623141919609,0.694966,
1623141919610,1.845255,
1623141919611,-1.557683,
1623141919612,1.461825,
1623141919613,-15.600791,
1623141919614,-4.337547,
1623141919615,6.278659,
1623141919616,-2.060934,
1623141919617,0.479287,
1623141919618,-3.019508,
1623141919619,-1.485790,
1623141919620,2.084898,
1623141919621,-5.463871,
1623141919622,1.294075,
1623141919623,-2.156791,
1623141919624,3.738438,
1623141919625,-1.533718,
1623141919626,0.071893,
1623141919627,0.958574,
1623141919628,-1.246146,
1623141919629,1.581647,
1623141919630,-6.326588,
1623141919631,1.198218,
1623141919632,-2.875722,
1623141919633,5.368014,
1623141919634,1.437861,
1623141919635,0.335501,
1623141919636,-2.420399,
1623141919637,-1.461825,
1623141919638,-2.468328,
1623141919639,-0.551180,
1623141919640,-0.119822,
1623141919641,1.581647,
1623141919642,-13.923286,
1623141919643,7.045519,
1623141919644,0.143786,
1623141919645,-1.989041,
1623141919646,2.707972,
1623141919647,0.191715,
1623141919648,9.010595,
1623141919649,-2.108863,
1623141919650,-7.381020,
1623141919651,-4.529262,
1623141919652,-5.104406,
1623141919653,3.402938,
1623141919654,4.768906,
1623141919655,-0.383430,
1623141919656,0.191715,
1623141919657,-0.503251,
1623141919658,0.431358,
1623141919659,-0.766859,
1623141919660,-1.342004,
1623141919661,3.355009,
1623141919662,-1.413897,
1623141919663,1.150289,
1623141919664,-2.084898,
1623141919665,2.684007,
1623141919666,-0.742895,
1623141919667,-5.871265,
1623141919668,-0.143786,
1623141919669,4.385476,
1623141919670,-4.337547,
1623141919671,4.481333,
1623141919672,-5.415943,
1623141919673,0.047929,
1623141919674,1.605611,
1623141919675,1.150289,
1623141919676,3.235187,
1623141919677,0.263608,
1623141919678,-4.265654,
1623141919679,0.047929,
1623141919680,1.965077,
1623141919681,0.383430,
1623141919682,0.071893,
1623141919683,-6.614161,
1623141919684,-2.516257,
1623141919685,3.402938,
1623141919686,-2.036970,
1623141919687,4.505298,
1623141919688,3.474831,
1623141919689,-1.246146,
1623141919690,-1.413897,
1623141919691,-0.838752,
1623141919692,-2.444364,
1623141919693,3.690510,
1623141919694,4.097904,
1623141919695,-2.396435,
1623141919696,0.599109,
1623141919697,-1.509754,
1623141919698,4.337547,
1623141919699,1.150289,
1623141919700,-1.294075,
1623141919701,1.318039,
1623141919702,0.000000,
1623141919703,6.901732,
1623141919704,6.949661,
1623141919705,5.919194,
1623141919706,-4.481333,
1623141919707,-0.047929,
1623141919708,-1.749398,
1623141919709,1.006503,
1623141919710,-0.599109,
1623141919711,0.503251,
1623141919712,-23.461098,
1623141919713,-1.270110,
1623141919714,-2.684007,
1623141919715,6.710018,
1623141919716,0.575144,
1623141919717,1.389932,
1623141919718,1.941112,
1623141919719,-1.461825,
1623141919720,-3.211223,
1623141919721,5.176300,
1623141919722,3.858260,
1623141919723,2.851758,
1623141919724,0.671002,
1623141919725,-1.270110,
1623141919726,4.816834,
1623141919727,1.030467,
1623141919728,0.311537,
1623141919729,0.191715,
1623141919730,0.000000,
1623141919731,0.119822,
1623141919732,2.084898,
1623141919733,-2.180756,
1623141919734,-1.461825,
1623141919735,1.773362,
1623141919736,-0.167750,
1623141919737,0.455323,
1623141919738,1.701469,
1623141919739,-0.455323,
1623141919740,-2.612114,
1623141919741,1.006503,
1623141919742,-3.259151,
1623141919743,3.858260,
1623141919744,-0.862717,
1623141919745,-1.773362,
1623141919746,-15.121505,
1623141919747,-12.940748,
1623141919748,-4.289618,
1623141919749,0.287572,
1623141919750,2.013005,
1623141919751,-2.444364,
1623141919752,-5.439907,
1623141919753,0.671002,
1623141919754,4.744941,
1623141919755,-3.618617,
1623141919756,4.768906,
1623141919757,5.655586,
1623141919758,1.677504,
1623141919759,0.742895,
1623141919760,-0.886681,
1623141919761,5.463871,
1623141919762,5.775408,
1623141919763,3.426902,
1623141919764,0.694966,
1623141919765,0.239643,
1623141919766,-0.647037,
1623141919767,0.335501,
1623141919768,-0.671002,
1623141919769,2.660043,
1623141919770,-3.618617,
1623141919771,0.910645,
1623141919772,1.102360,
1623141919773,-3.930153,
1623141919774,-1.437861,
1623141919775,0.671002,
1623141919776,-2.396435,
1623141919777,-0.071893,
1623141919778,3.259151,
1623141919779,-11.287209,
1623141919780,-2.803829,
1623141919781,-0.742895,
1623141919782,-0.671002,
1623141919783,-3.954118,
1623141919784,-0.095857,
1623141919785,-1.485790,
1623141919786,0.287572,
1623141919787,-1.270110,
1623141919788,0.335501,
1623141919789,-0.934610,
1623141919790,1.581647,
1623141919791,3.187258,
1623141919792,-2.660043,
1623141919793,-0.551180,
1623141919794,1.725433,
1623141919795,1.797326,
1623141919796,-1.461825,
1623141919797,-0.551180,
1623141919798,0.934610,
1623141919799,-0.095857,
1623141919800,-0.575144,
1623141919801,0.527216,
1623141919802,1.893184,
1623141919803,9.154382,
1623141919804,6.110909,
1623141919805,-2.300578,
1623141919806,-2.180756,
1623141919807,0.239643,
1623141919808,1.222182,
1623141919809,2.324542,
1623141919810,-0.215679,
1623141919811,-0.071893,
1623141919812,-1.965077,
1623141919813,-2.444364,
1623141919814,-6.110909,
1623141919815,5.487836,
1623141919816,-5.511800,
1623141919817,4.912692,
1623141919818,-3.618617,
1623141919819,-0.095857,
1623141919820,1.821290,
1623141919821,1.102360,
1623141919822,-0.191715,
1623141919823,0.958574,
1623141919824,-5.008549,
1623141919825,0.623073,
1623141919826,0.982538,
1623141919827,-0.431358,
1623141919828,3.642581,
1623141919829,3.498795,
1623141919830,-0.982538,
1623141919831,3.331044,
1623141919832,-4.169797,
1623141919833,1.557683,
1623141919834,-1.509754,
1623141919835,-1.557683,
1623141919836,-3.187258,
1623141919837,-0.047929,
1623141919838,3.714474,
1623141919839,-1.030467,
1623141919840,-0.047929,
1623141919841,-2.731936,
1623141919842,1.437861,
1623141919843,0.191715,
1623141919844,0.191715,
1623141919845,0.479287,
1623141919846,10.640171,
1623141919847,-19.123550,
1623141919848,6.829840,
1623141919849,4.481333,
1623141919850,3.834296,
1623141919851,2.420399,
1623141919852,-4.313583,
1623141919853,-2.612114,
1623141919854,5.008549,
1623141919855,-0.143786,
1623141919856,-0.119822,
1623141919857,1.222182,
1623141919858,1.749398,
1623141919859,-2.324542,
1623141919860,-0.694966,
1623141919861,3.187258,
1623141919862,-1.246146,
1623141919863,-1.102360,
1623141919864,0.407394,
1623141919865,-24.251921,
1623141919866,-12.557319,
1623141919867,9.753490,
1623141919868,5.655586,
1623141919869,-2.013005,
1623141919870,1.533718,
1623141919871,1.917148,
1623141919872,-6.638125,
1623141919873,8.746987,
1623141919874,-2.324542,
1623141919875,1.030467,
1623141919876,0.862717,
1623141919877,-0.982538,
1623141919878,0.215679,
1623141919879,28.924969,
1623141919880,-8.627166,
1623141919881,-0.263608,
1623141919882,7.740485,
1623141919883,4.026011,
1623141919884,2.276613,
1623141919885,7.117412,
1623141919886,2.995544,
1623141919887,-2.492292,
1623141919888,-0.790824,
1623141919889,2.516257,
1623141919890,0.095857,
1623141919891,4.888727,
1623141919892,-2.324542,
1623141919893,-2.875722,
1623141919894,0.239643,
1623141919895,0.191715,
1623141919896,-2.492292,
1623141919897,-0.647037,
1623141919898,2.013005,
1623141919899,0.790824,
1623141919900,1.054431,
1623141919901,-4.193761,
1623141919902,-0.838752,
1623141919903,-1.701469,
1623141919904,-1.294075,
1623141919905,-0.095857,
1623141919906,-0.455323,
1623141919907,2.755900,
1623141919908,-3.067437,
1623141919909,-5.344050,
1623141919910,-2.684007,
1623141919911,-4.984585,
1623141919912,-0.551180,
1623141919913,3.546724,
1623141919914,-0.766859,
1623141919915,5.344050,
1623141919916,0.694966,
1623141919917,4.481333,
1623141919918,2.540221,
1623141919919,-5.320086,
1623141919920,1.078396,
1623141919921,-4.289618,
1623141919922,-2.492292,
1623141919923,-1.342004,
1623141919924,-1.389932,
1623141919925,2.420399,
1623141919926,0.551180,
1623141919927,0.718930,
1623141919928,0.335501,
1623141919929,2.084898,
1623141919930,-2.084898,
1623141919931,0.694966,
1623141919932,-1.102360,
1623141919933,-1.773362,
1623141919934,3.163294,
1623141919935,1.677504,
1623141919936,1.917148,
1623141919937,-2.300578,
1623141919938,-0.407394,
1623141919939,0.071893,
1623141919940,-1.365968,
1623141919941,0.167750,
1623141919942,0.910645,
1623141919943,1.629576,
1623141919944,2.013005,
1623141919945,11.191351,
1623141919946,-8.842845,
1623141919947,-6.278659,
1623141919948,-2.444364,
1623141919949,-5.535765,
1623141919950,-2.228684,
1623141919951,2.827793,
1623141919952,-0.982538,
1623141919953,-6.422446,
1623141919954,3.283116,
1623141919955,-0.071893,
1623141919956,4.097904,
1623141919957,-0.191715,
1623141919958,-0.071893,
1623141919959,0.551180,
1623141919960,-4.433404,
1623141919961,4.121868,
1623141919962,0.311537,
1623141919963,-2.013005,
1623141919964,-0.623073,
1623141919965,-1.653540,
1623141919966,0.000000,
1623141919967,-17.541904,
1623141919968,7.908235,
1623141919969,1.581647,
1623141919970,-1.294075,
1623141919971,-1.030467,
1623141919972,5.679551,
1623141919973,-0.071893,
1623141919974,-0.599109,
1623141919975,0.910645,
1623141919976,6.877768,
1623141919977,2.420399,
1623141919978,-3.714474,
1623141919979,5.200264,
1623141919980,0.167750,
1623141919981,-1.270110,
1623141919982,-0.694966,
1623141919983,3.450866,
1623141919984,0.694966,
1623141919985,-0.551180,
1623141919986,-2.684007,
1623141919987,0.479287,
1623141919988,-1.222182,
1623141919989,4.577191,
1623141919990,6.350553,
1623141919991,-1.845255,
1623141919992,0.047929,
1623141919993,3.690510,
1623141919994,-2.827793,
1623141919995,-1.509754,
1623141919996,-0.215679,
1623141919997,-0.287572,
1623141919998,1.389932,
1623141919999,-1.509754,
1623141920000,-2.252649,
1623141920001,1.246146,
1623141920002,-1.270110,
1623141920003,2.396435,
1623141920004,-0.239643,
1623141920005,-5.296121,
1623141920006,2.564185,
1623141920007,5.104406,
1623141920008,-1.701469,
1623141920009,-0.119822,
1623141920010,-0.143786,
1623141920011,1.845255,
1623141920012,-5.200264,
1623141920013,2.516257,
1623141920014,-1.749398,
1623141920015,-0.263608,
1623141920016,2.755900,
1623141920017,2.204720,
1623141920018,1.006503,
1623141920019,1.294075,
1623141920020,-1.078396,
1623141920021,-1.246146,
1623141920022,2.036970,
1623141920023,-2.396435,
1623141920024,-1.557683,
1623141920025,-1.078396,
1623141920026,2.300578,
1623141920027,-0.263608,
1623141920028,0.383430,
1623141920029,0.407394,
1623141920030,-13.515893,
1623141920031,8.555273,
1623141920032,4.169797,
1623141920033,-11.694602,
1623141920034,11.502888,
1623141920035,-5.272157,
1623141920036,-0.718930,
1623141920037,1.845255,
1623141920038,3.019508,
1623141920039,-1.989041,
1623141920040,-2.516257,
1623141920041,-0.814788,
1623141920042,-0.407394,
1623141920043,-0.455323,
1623141920044,-2.180756,
1623141920045,19.914373,
1623141920046,3.666545,
1623141920047,-0.119822,
1623141920048,-4.744941,
1623141920049,0.335501,
1623141920050,-0.383430,
1623141920051,3.474831,
1623141920052,1.989041,
1623141920053,0.886681,
1623141920054,-2.060934,
1623141920055,-0.215679,
1623141920056,1.821290,
1623141920057,-0.455323,
1623141920058,2.468328,
1623141920059,0.335501,
1623141920060,-0.143786,
1623141920061,-4.073939,
1623141920062,1.246146,
1623141920063,-2.013005,
1623141920064,-0.671002,
1623141920065,6.446410,
1623141920066,-25.785639,
1623141920067,4.337547,
1623141920068,-5.823337,
1623141920069,1.629576,
1623141920070,-2.468328,
1623141920071,1.797326,
1623141920072,-1.078396,
1623141920073,-1.437861,
1623141920074,0.167750,
1623141920075,-5.847301,
1623141920076,1.677504,
1623141920077,-7.476877,
1623141920078,5.655586,
1623141920079,1.893184,
1623141920080,-0.335501,
1623141920081,2.731936,
1623141920082,-3.355009,
1623141920083,-0.790824,
1623141920084,11.694602,
1623141920085,8.219771,
1623141920086,3.067437,
1623141920087,3.882225,
1623141920088,-4.289618,
1623141920089,-4.097904,
1623141920090,-0.527216,
1623141920091,-1.389932,
1623141920092,1.437861,
1623141920093,-0.455323,
1623141920094,-2.300578,
1623141920095,-1.653540,
1623141920096,-0.479287,
1623141920097,0.407394,
1623141920098,0.335501,
1623141920099,0.958574,
1623141920100,-0.671002,
1623141920101,-2.013005,
1623141920102,-2.707972,
1623141920103,-5.799373,
1623141920104,-0.335501,
1623141920105,-0.766859,
1623141920106,1.725433,
1623141920107,-1.485790,
1623141920108,-8.219771,
1623141920109,-6.686053,
1623141920110,-6.278659,
1623141920111,3.426902,
1623141920112,-2.588150,
1623141920113,0.742895,
1623141920114,-3.474831,
1623141920115,-0.311537,
1623141920116,0.263608,
1623141920117,-0.718930,
1623141920118,-1.222182,
1623141920119,2.180756,
1623141920120,5.463871,
1623141920121,-1.294075,
1623141920122,-0.359465,
1623141920123,1.342004,
1623141920124,-0.934610,
1623141920125,0.934610,
1623141920126,0.455323,
1623141920127,-0.814788,
1623141920128,-1.605611,
1623141920129,1.246146,
1623141920130,-0.287572,
1623141920131,-0.647037,
1623141920132,-0.287572,
1623141920133,-0.143786,
1623141920134,-4.385476,
1623141920135,-0.167750,
1623141920136,-1.030467,
1623141920137,-0.359465,
1623141920138,0.599109,
1623141920139,-2.803829,
1623141920140,1.413897,
1623141920141,1.749398,
1623141920142,-2.803829,
1623141920143,-3.738438,
1623141920144,-0.718930,
1623141920145,-0.191715,
1623141920146,2.947615,
1623141920147,-3.019508,
1623141920148,3.378973,
1623141920149,-0.095857,
1623141920150,1.677504,
1623141920151,-2.971579,
1623141920152,-1.869219,
1623141920153,4.960620,
1623141920154,1.653540,
1623141920155,-4.433404,
1623141920156,-0.311537,
1623141920157,1.701469,
1623141920158,-4.265654,
1623141920159,-0.527216,
1623141920160,-0.647037,
1623141920161,-2.707972,
1623141920162,0.287572,
1623141920163,0.671002,
1623141920164,-0.934610,
1623141920165,-1.605611,
1623141920166,-5.799373,
1623141920167,1.437861,
1623141920168,-4.337547,
1623141920169,-2.180756,
1623141920170,0.263608,
1623141920171,2.803829,
1623141920172,2.108863,
1623141920173,-1.725433,
1623141920174,-0.167750,
1623141920175,-13.420035,
1623141920176,-16.391615,
1623141920177,3.378973,
1623141920178,1.773362,
1623141920179,-0.239643,
1623141920180,4.601155,
1623141920181,-2.755900,
1623141920182,-1.365968,
1623141920183,-1.533718,
1623141920184,2.588150,
1623141920185,1.461825,
1623141920186,-2.060934,
1623141920187,0.694966,
1623141920188,-7.452913,
1623141920189,-2.947615,
1623141920190,-0.359465,
1623141920191,1.581647,
1623141920192,2.947615,
1623141920193,-0.479287,
1623141920194,0.934610,
1623141920195,-0.718930,
1623141920196,2.396435,
1623141920197,1.150289,
1623141920198,3.546724,
1623141920199,-2.612114,
1623141920200,5.967123,
1623141920201,2.516257,
1623141920202,2.516257,
1623141920203,-6.206767,
1623141920204,-3.978082,
1623141920205,0.982538,
1623141920206,2.396435,
1623141920207,-2.851758,
1623141920208,-5.391979,
1623141920209,6.110909,
1623141920210,17.134510,
1623141920211,-0.527216,
1623141920212,2.612114,
1623141920213,4.577191,
1623141920214,0.671002,
1623141920215,-2.300578,
1623141920216,-4.337547,
1623141920217,4.792870,
1623141920218,-1.054431,
1623141920219,2.707972,
1623141920220,0.886681,
1623141920221,-0.575144,
1623141920222,0.623073,
1623141920223,3.115366,
1623141920224,-3.283116,
1623141920225,2.588150,
1623141920226,-1.869219,
1623141920227,1.030467,
1623141920228,-2.660043,
1623141920229,-2.827793,
1623141920230,5.991087,
1623141920231,1.389932,
1623141920232,-1.533718,
1623141920233,0.311537,
1623141920234,-0.766859,
1623141920235,-5.008549,
1623141920236,-6.062980,
1623141920237,4.026011,
1623141920238,-0.095857,
1623141920239,-4.816834,
1623141920240,1.893184,
1623141920241,-0.647037,
1623141920242,-20.777090,
1623141920243,1.246146,
1623141920244,-9.082488,
1623141920245,15.193398,
1623141920246,2.013005,
1623141920247,3.450866,
1623141920248,4.649084,
1623141920249,4.121868,
1623141920250,-5.008549,
1623141920251,1.174253,
1623141920252,1.174253,
1623141920253,0.886681,
1623141920254,0.862717,
1623141920255,-0.623073,
1623141920256,-1.318039,
1623141920257,0.934610,
1623141920258,0.599109,
1623141920259,-0.431358,
1623141920260,-0.431358,
1623141920261,-0.143786,
1623141920262,2.995544,
1623141920263,-0.527216,
1623141920264,-3.762403,
1623141920265,-1.869219,
1623141920266,-1.485790,
1623141920267,-0.623073,
1623141920268,1.294075,
1623141920269,0.263608,
1623141920270,-1.701469,
1623141920271,-9.058524,
1623141920272,2.875722,
1623141920273,-9.561775,
1623141920274,-10.688100,
1623141920275,1.174253,
1623141920276,-11.143422,
1623141920277,0.407394,
1623141920278,-0.119822,
1623141920279,6.086945,
1623141920280,-2.755900,
1623141920281,3.474831,
1623141920282,-8.267700,
1623141920283,0.167750,
1623141920284,-4.097904,
1623141920285,-2.276613,
1623141920286,0.671002,
1623141920287,1.389932,
1623141920288,-0.287572,
1623141920289,1.533718,
1623141920290,2.755900,
1623141920291,0.910645,
1623141920292,3.858260,
1623141920293,-3.426902,
1623141920294,-0.287572,
1623141920295,1.078396,
1623141920296,-0.047929,
1623141920297,-11.958210,
1623141920298,-0.886681,
1623141920299,-8.914738,
1623141920300,0.047929,
1623141920301,-1.485790,
1623141920302,-0.023964,
1623141920303,-1.030467,
1623141920304,-1.965077,
1623141920305,2.492292,
1623141920306,0.215679,
1623141920307,3.570688,
1623141920308,-11.119458,
1623141920309,-4.912692,
1623141920310,0.455323,
1623141920311,3.570688,
1623141920312,-3.906189,
1623141920313,-2.899686,
1623141920314,2.827793,
1623141920315,3.067437,
1623141920316,-4.840798,
1623141920317,3.858260,
1623141920318,-0.934610,
1623141920319,2.492292,
1623141920320,-4.433404,
1623141920321,0.982538,
1623141920322,-1.150289,
1623141920323,1.318039,
1623141920324,-2.444364,
1623141920325,-0.287572,
1623141920326,3.283116,
1623141920327,-3.570688,
1623141920328,0.191715,
1623141920329,-0.790824,
1623141920330,0.718930,
1623141920331,15.121505,
1623141920332,-3.522759,
1623141920333,2.779865,
1623141920334,-0.982538,
1623141920335,-0.886681,
1623141920336,4.457369,
1623141920337,-5.032513,
1623141920338,1.581647,
1623141920339,16.415579,
1623141920340,-2.036970,
1623141920341,-0.167750,
1623141920342,1.413897,
1623141920343,-2.803829,
1623141920344,0.647037,
1623141920345,-1.246146,
1623141920346,0.383430,
1623141920347,-1.629576,
1623141920348,0.527216,
1623141920349,-3.283116,
1623141920350,1.461825,
1623141920351,2.252649,
1623141920352,1.389932,
1623141920353,0.838752,
1623141920354,0.000000,
1623141920355,2.827793,
1623141920356,-1.485790,
1623141920357,-2.492292,
1623141920358,-1.126324,
1623141920359,-0.862717,
1623141920360,-5.535765,
1623141920361,-0.718930,
1623141920362,-2.588150,
1623141920363,2.156791,
1623141920364,-0.982538,
1623141920365,1.941112,
1623141920366,1.557683,
1623141920367,0.431358,
1623141920368,-2.827793,
1623141920369,-7.404984,
1623141920370,1.581647,
1623141920371,-0.647037,
1623141920372,-1.677504,
1623141920373,-0.479287,
1623141920374,-23.005775,
1623141920375,-2.731936,
1623141920376,-0.742895,
1623141920377,-1.821290,
1623141920378,-2.276613,
1623141920379,1.413897,
1623141920380,1.461825,
1623141920381,-3.810332,
1623141920382,4.313583,
1623141920383,-0.958574,
1623141920384,1.653540,
1623141920385,-3.498795,
1623141920386,3.810332,
1623141920387,1.413897,
1623141920388,0.335501,
1623141920389,-0.982538,
1623141920390,5.008549,
1623141920391,1.989041,
1623141920392,-1.102360,
1623141920393,-1.174253,
1623141920394,1.701469,
1623141920395,-2.228684,
1623141920396,1.677504,
1623141920397,-4.457369,
1623141920398,5.344050,
1623141920399,-2.923651,
1623141920400,0.287572,
1623141920401,-1.342004,
1623141920402,4.049975,
1623141920403,-0.071893,
1623141920404,0.623073,
1623141920405,0.047929,
1623141920406,0.766859,
1623141920407,0.143786,
1623141920408,15.600791,
1623141920409,-8.555273,
1623141920410,-2.084898,
1623141920411,-4.840798,
1623141920412,-3.067437,
1623141920413,0.383430,
1623141920414,5.463871,
1623141920415,7.860307,
1623141920416,0.383430,
1623141920417,-5.272157,
1623141920418,-2.995544,
1623141920419,2.036970,
1623141920420,1.078396,
1623141920421,1.965077,
1623141920422,0.958574,
1623141920423,0.239643,
1623141920424,1.222182,
1623141920425,0.335501,
1623141920426,1.030467,
1623141920427,-1.797326,
1623141920428,1.198218,
1623141920429,9.370061,
1623141920430,8.219771,
1623141920431,-6.230731,
1623141920432,-4.026011,
1623141920433,1.413897,
1623141920434,-1.605611,
1623141920435,3.522759,
1623141920436,1.509754,
1623141920437,-0.311537,
1623141920438,-1.126324,
1623141920439,-8.099950,
1623141920440,0.023964,
1623141920441,-4.481333,
1623141920442,4.409440,
1623141920443,5.871265,
1623141920444,3.307080,
1623141920445,5.679551,
1623141920446,-3.714474,
1623141920447,3.426902,
1623141920448,10.328634,
1623141920449,0.814788,
1623141920450,7.237234,
1623141920451,-1.821290,
1623141920452,-4.505298,
1623141920453,-0.742895,
1623141920454,2.923651,
1623141920455,3.858260,
1623141920456,-0.862717,
1623141920457,-0.599109,
1623141920458,2.923651,
1623141920459,4.960620,
1623141920460,1.797326,
1623141920461,2.084898,
1623141920462,0.814788,
1623141920463,1.030467,
1623141920464,0.359465,
1623141920465,-4.888727,
1623141920466,-2.468328,
1623141920467,2.396435,
1623141920468,-3.498795,
1623141920469,-2.396435,
1623141920470,-0.671002,
1623141920471,-3.211223,
1623141920472,18.260834,
1623141920473,-4.625119,
1623141920474,13.204356,
1623141920475,-2.300578,
1623141920476,4.169797,
1623141920477,-2.324542,
1623141920478,1.917148,
1623141920479,2.755900,
1623141920480,0.694966,
1623141920481,-3.450866,
1623141920482,5.847301,
1623141920483,0.647037,
1623141920484,-4.744941,
1623141920485,2.180756,
1623141920486,-0.599109,
1623141920487,-2.276613,
1623141920488,-2.396435,
1623141920489,0.671002,
1623141920490,0.191715,
1623141920491,0.814788,
1623141920492,-0.191715,
1623141920493,-2.132827,
1623141920494,0.694966,
1623141920495,-2.084898,
1623141920496,7.428948,
1623141920497,6.350553,
1623141920498,-1.437861,
1623141920499,0.623073,
1623141920500,-1.797326,
1623141920501,-2.588150,
1623141920502,-2.420399,
1623141920503,0.095857,
1623141920504,-2.899686,
1623141920505,8.675095,
1623141920506,5.535765,
1623141920507,-2.300578,
1623141920508,0.862717,
1623141920509,-0.359465,
1623141920510,0.503251,
1623141920511,5.415943,
1623141920512,-1.605611,
1623141920513,-0.191715,
1623141920514,-0.503251,
1623141920515,-2.899686,
1623141920516,3.187258,
1623141920517,-5.080442,
1623141920518,-2.420399,
1623141920519,4.241690,
1623141920520,2.132827,
1623141920521,-1.677504,
1623141920522,3.402938,
1623141920523,-3.522759,
1623141920524,0.527216,
1623141920525,2.564185,
1623141920526,1.485790,
1623141920527,1.078396,
1623141920528,-3.139330,
1623141920529,1.365968,
1623141920530,-2.204720,
1623141920531,-3.810332,
1623141920532,-6.781911,
1623141920533,0.455323,
1623141920534,2.252649,
1623141920535,3.402938,
1623141920536,0.623073,
1623141920537,-0.407394,
1623141920538,1.533718,
1623141920539,-0.575144,
1623141920540,-0.167750,
1623141920541,-0.119822,
1623141920542,-1.342004,
1623141920543,-4.529262,
1623141920544,3.762403,
1623141920545,-2.612114,
1623141920546,-0.023964,
1623141920547,-1.198218,
1623141920548,-0.862717,
1623141920549,0.647037,
1623141920550,-0.239643,
1623141920551,-1.126324,
1623141920552,0.910645,
1623141920553,-3.690510,
1623141920554,2.660043,
1623141920555,0.263608,
1623141920556,-3.834296,
1623141920557,1.701469,
1623141920558,0.838752,
1623141920559,5.320086,
1623141920560,2.252649,
1623141920561,4.529262,
1623141920562,1.174253,
1623141920563,2.132827,
1623141920564,1.365968,
1623141920565,-0.934610,
1623141920566,-7.404984,
1623141920567,-0.982538,
1623141920568,-1.677504,
1623141920569,3.283116,
1623141920570,-0.215679,
1623141920571,-1.749398,
1623141920572,0.071893,
1623141920573,-1.749398,
1623141920574,-0.766859,
1623141920575,-2.036970,
1623141920576,1.365968,
1623141920577,-2.899686,
1623141920578,2.420399,
1623141920579,-0.287572,
1623141920580,-2.348506,
1623141920581,2.348506,
1623141920582,-4.313583,
1623141920583,5.248192,
1623141920584,-3.067437,
1623141920585,-0.023964,
1623141920586,-1.198218,
1623141920587,2.132827,
1623141920588,2.803829,
1623141920589,0.479287,
1623141920590,-1.653540,
1623141920591,1.749398,
1623141920592,0.000000,
1623141920593,-1.893184,
1623141920594,1.629576,
1623141920595,1.557683,
1623141920596,-1.605611,
1623141920597,0.551180,
1623141920598,-0.263608,
1623141920599,-0.383430,
1623141920600,0.623073,
1623141920601,-0.958574,
1623141920602,0.287572,
1623141920603,0.167750,
1623141920604,1.174253,
1623141920605,0.407394,
1623141920606,2.636078,
1623141920607,-1.845255,
1623141920608,1.917148,
1623141920609,-3.091401,
1623141920610,-0.191715,
1623141920611,-1.653540,
1623141920612,1.893184,
1623141920613,0.431358,
1623141920614,-0.095857,
1623141920615,2.300578,
1623141920616,-1.413897,
1623141920617,0.191715,
1623141920618,2.707972,
1623141920619,-0.623073,
1623141920620,-1.126324,
1623141920621,-0.575144,
1623141920622,-0.671002,
1623141920623,-0.359465,
1623141920624,4.433404,
1623141920625,-3.043472,
1623141920626,0.359465,
1623141920627,1.365968,
1623141920628,1.437861,
1623141920629,-2.252649,
1623141920630,-1.581647,
1623141920631,2.516257,
1623141920632,-0.575144,
1623141920633,-0.718930,
1623141920634,0.000000,
1623141920635,-0.982538,
1623141920636,2.420399,
1623141920637,-1.030467,
1623141920638,-0.958574,
1623141920639,1.318039,
1623141920640,0.742895,
1623141920641,0.263608,
1623141920642,1.078396,
1623141920643,-1.054431,
1623141920644,0.431358,
1623141920645,0.047929,
1623141920646,-2.228684,
1623141920647,0.239643,
1623141920648,0.455323,
1623141920649,-0.407394,
1623141920650,0.215679,
1623141920651,0.119822,
1623141920652,0.023964,
1623141920653,-1.869219,
1623141920654,1.174253,
1623141920655,-0.383430,
1623141920656,0.910645,
1623141920657,1.413897,
1623141920658,0.143786,
1623141920659,0.047929,
1623141920660,-0.215679,
1623141920661,-0.575144,
1623141920662,0.047929,
1623141920663,0.215679,
1623141920664,1.006503,
1623141920665,-0.694966,
1623141920666,1.557683,
1623141920667,0.503251,
1623141920668,0.671002,
1623141920669,-4.121868,
1623141920670,-0.910645,
1623141920671,-2.468328,
1623141920672,-0.718930,
1623141920673,1.006503,
1623141920674,-0.862717,
1623141920675,2.396435,
1623141920676,1.461825,
1623141920677,-1.941112,
1623141920678,0.479287,
1623141920679,0.982538,
1623141920680,-0.215679,
1623141920681,0.671002,
1623141920682,-0.718930,
1623141920683,0.311537,
1623141920684,0.694966,
1623141920685,2.180756,
1623141920686,1.461825,
1623141920687,-0.071893,
1623141920688,-0.191715,
1623141920689,1.725433,
1623141920690,-1.749398,
1623141920691,-0.047929,
1623141920692,1.222182,
1623141920693,0.527216,
1623141920694,0.838752,
1623141920695,0.383430,
1623141920696,-0.191715,
1623141920697,-0.479287,
1623141920698,1.389932,
1623141920699,2.036970,
1623141920700,1.006503,
1623141920701,-0.503251,
1623141920702,-0.479287,
1623141920703,0.047929,
1623141920704,1.557683,
1623141920705,-1.485790,
1623141920706,2.156791,
1623141920707,0.479287,
1623141920708,-0.359465,
1623141920709,2.276613,
1623141920710,0.263608,
1623141920711,-0.407394,
1623141920712,-1.006503,
1623141920713,2.995544,
1623141920714,-1.365968,
1623141920715,-0.071893,
1623141920716,-0.671002,
1623141920717,-0.766859,
1623141920718,-0.239643,
1623141920719,0.718930,
1623141920720,-0.191715,
1623141920721,0.934610,
1623141920722,0.982538,
1623141920723,-0.311537,
1623141920724,-0.311537,
1623141920725,0.359465,
1623141920726,-0.718930,
1623141920727,0.215679,
1623141920728,0.215679,
1623141920729,-1.270110,
1623141920730,0.431358,
1623141920731,0.095857,
1623141920732,-0.862717,
1623141920733,0.000000,
1623141920734,-0.838752,
1623141920735,-0.119822,
1623141920736,-1.270110,
1623141920737,-0.407394,
1623141920738,1.581647,
1623141920739,0.503251,
1623141920740,-0.311537,
1623141920741,0.000000,
1623141920742,-0.071893,
1623141920743,1.054431,
1623141920744,0.503251,
1623141920745,1.893184,
1623141920746,-0.119822,
1623141920747,0.910645,
1623141920748,0.287572,
1623141920749,-0.862717,
1623141920750,-0.239643,
1623141920751,1.413897,
1623141920752,0.431358,
1623141920753,1.006503,
1623141920754,-0.694966,
1623141920755,0.838752,
1623141920756,0.263608,
1623141920757,-0.694966,
1623141920758,1.006503,
1623141920759,-0.335501,
1623141920760,-0.071893,
1623141920761,0.263608,
1623141920762,0.335501,
1623141920763,-2.420399,
1623141920764,-0.311537,
1623141920765,0.958574,
1623141920766,-0.143786,
1623141920767,0.383430,
1623141920768,0.047929,
1623141920769,0.167750,
1623141920770,-0.143786,
1623141920771,0.263608,
1623141920772,2.540221,
1623141920773,-4.864763,
1623141920774,1.653540,
1623141920775,-0.047929,
1623141920776,-0.143786,
1623141920777,1.677504,
1623141920778,-0.455323,
1623141920779,0.287572,
1623141920780,-0.215679,
1623141920781,0.359465,
1623141920782,1.198218,
1623141920783,-2.779865,
1623141920784,4.169797,
1623141920785,0.479287,
1623141920786,0.383430,
1623141920787,-1.006503,
1623141920788,-0.119822,
1623141920789,1.294075,
1623141920790,-1.270110,
1623141920791,-0.047929,
1623141920792,-0.527216,
1623141920793,-1.294075,
1623141920794,-1.342004,
1623141920795,1.557683,
1623141920796,0.431358,
1623141920797,0.287572,
1623141920798,0.167750,
1623141920799,0.551180,
1623141920800,0.071893,
1623141920801,-0.623073,
1623141920802,0.143786,
1623141920803,-0.455323,
1623141920804,-0.383430,
1623141920805,-0.215679,
1623141920806,-0.167750,
1623141920807,0.527216,
1623141920808,0.095857,
1623141920809,0.215679,
1623141920810,0.143786,
1623141920811,0.551180,
1623141920812,0.191715,
1623141920813,-0.455323,
1623141920814,0.239643,
1623141920815,0.023964,
1623141920816,0.071893,
1623141920817,-0.311537,
1623141920818,0.311537,
1623141920819,-0.143786,
1623141920820,1.294075,
1623141920821,-0.694966,
1623141920822,0.599109,
1623141920823,0.455323,
1623141920824,2.252649,
1623141920825,-0.551180,
1623141920826,0.071893,
1623141920827,0.023964,
1623141920828,-0.335501,
1623141920829,0.718930,
1623141920830,-0.311537,
1623141920831,0.239643,
1623141920832,0.982538,
1623141920833,-0.167750,
1623141920834,0.023964,
1623141920835,-0.335501,
1623141920836,0.263608,
1623141920837,0.167750,
1623141920838,0.095857,
1623141920839,-0.335501,
1623141920840,0.143786,
1623141920841,0.239643,
1623141920842,-3.402938,
1623141920843,0.143786,
1623141920844,-2.564185,
1623141920845,1.198218,
1623141920846,-1.222182,
1623141920847,0.287572,
1623141920848,0.718930,
1623141920849,-0.071893,
1623141920850,-0.263608,
1623141920851,-1.006503,
1623141920852,0.167750,
1623141920853,-0.119822,
1623141920854,-0.647037,
1623141920855,0.551180,
1623141920856,0.167750,
1623141920857,0.119822,
1623141920858,-0.047929,
1623141920859,-0.503251,
1623141920860,-0.503251,
1623141920861,0.287572,
1623141920862,-0.383430,
1623141920863,0.287572,
1623141920864,0.287572,
1623141920865,-0.143786,
1623141920866,-0.311537,
1623141920867,0.287572,
1623141920868,-1.030467,
1623141920869,0.503251,
1623141920870,-0.407394,
1623141920871,0.023964,
1623141920872,0.503251,
1623141920873,-1.677504,
1623141920874,1.150289,
1623141920875,0.023964,
1623141920876,0.143786,
1623141920877,0.407394,
1623141920878,0.000000,
1623141920879,0.766859,
1623141920880,-0.263608,
1623141920881,0.287572,
1623141920882,0.071893,
1623141920883,0.623073,
1623141920884,-0.095857,
1623141920885,-1.821290,
1623141920886,0.958574,
1623141920887,1.533718,
1623141920888,1.102360,
1623141920889,-0.479287,
1623141920890,0.742895,
1623141920891,0.407394,
1623141920892,-0.167750,
1623141920893,-0.167750,
1623141920894,0.647037,
1623141920895,0.071893,
1623141920896,-0.023964,
1623141920897,-0.215679,
1623141920898,0.359465,
1623141920899,0.335501,
1623141920900,-0.718930,
1623141920901,0.431358,
1623141920902,0.694966,
1623141920903,-0.143786,
1623141920904,-0.023964,
1623141920905,-0.287572,
1623141920906,-0.191715,
1623141920907,0.407394,
1623141920908,0.527216,
1623141920909,-0.215679,
1623141920910,0.167750,
1623141920911,0.910645,
1623141920912,-0.191715,
1623141920913,0.359465,
1623141920914,-0.119822,
1623141920915,0.119822,
1623141920916,-0.023964,
1623141920917,-0.119822,
1623141920918,-0.503251,
1623141920919,-3.786367,
1623141920920,-1.653540,
1623141920921,0.095857,
1623141920922,-0.886681,
1623141920923,0.167750,
1623141920924,0.503251,
1623141920925,0.671002,
1623141920926,-0.143786,
1623141920927,1.078396,
1623141920928,-0.023964,
1623141920929,0.335501,
1623141920930,0.335501,
1623141920931,-0.023964,
1623141920932,-0.383430,
1623141920933,-0.095857,
1623141920934,0.838752,
1623141920935,0.000000,
1623141920936,-0.263608,
1623141920937,0.958574,
1623141920938,-0.383430,
1623141920939,-0.023964,
1623141920940,-0.335501,
1623141920941,0.215679,
1623141920942,0.095857,
1623141920943,-0.982538,
1623141920944,0.191715,
1623141920945,-0.047929,
1623141920946,0.095857,
1623141920947,-0.215679,
1623141920948,-0.071893,
1623141920949,0.023964,
1623141920950,0.671002,
1623141920951,-0.718930,
1623141920952,0.311537,
1623141920953,-0.335501,
1623141920954,-0.119822,
1623141920955,-0.095857,
1623141920956,-0.167750,
1623141920957,-1.198218,
1623141920958,0.263608,
1623141920959,-0.071893,
1623141920960,0.047929,
1623141920961,-0.143786,
1623141920962,0.335501,
1623141920963,-0.143786,
1623141920964,-0.503251,
1623141920965,-0.527216,
1623141920966,0.335501,
1623141920967,0.000000,
1623141920968,-0.407394,
1623141920969,0.095857,
1623141920970,-0.335501,
1623141920971,0.191715,
1623141920972,2.923651,
1623141920973,-3.834296,
1623141920974,-0.503251,
1623141920975,0.167750,
1623141920976,1.653540,
1623141920977,0.455323,
1623141920978,0.311537,
1623141920979,0.287572,
1623141920980,-0.191715,
1623141920981,0.287572,
1623141920982,0.671002,
1623141920983,0.239643,
1623141920984,0.023964,
1623141920985,-0.479287,
1623141920986,-0.239643,
1623141920987,-0.215679,
1623141920988,0.047929,
1623141920989,1.078396,
1623141920990,-0.095857,
1623141920991,0.215679,
1623141920992,0.311537,
1623141920993,0.694966,
1623141920994,-0.311537,
1623141920995,0.119822,
1623141920996,0.047929,
1623141920997,-0.407394,
1623141920998,0.239643,
1623141920999,-0.287572,
1623141921000,0.143786,
1623141921001,-0.071893,
1623141921002,-0.143786,
1623141921003,-0.311537,
1623141921004,0.167750,
1623141921005,3.307080,
1623141921006,-1.198218,
1623141921007,-1.845255,
1623141921008,0.527216,
1623141921009,0.527216,
1623141921010,-0.934610,
1623141921011,0.647037,
1623141921012,0.119822,
1623141921013,-0.407394,
1623141921014,-0.527216,
1623141921015,0.263608,
1623141921016,0.023964,
1623141921017,-0.359465,
1623141921018,0.000000,
1623141921019,-0.239643,
1623141921020,0.023964,
1623141921021,0.239643,
1623141921022,-0.599109,
1623141921023,-0.167750,
1623141921024,0.071893,
1623141921025,-0.119822,
1623141921026,0.000000,
1623141921027,0.167750,
1623141921028,-0.311537,
1623141921029,0.215679,
1623141921030,0.455323,
1623141921031,0.359465,
1623141921032,0.263608,
1623141921033,-0.527216,
1623141921034,0.527216,
1623141921035,-0.263608,
1623141921036,0.167750,
1623141921037,-0.095857,
1623141921038,-0.119822,
1623141921039,0.047929,
1623141921040,0.191715,
1623141921041,0.047929,
1623141921042,1.006503,
1623141921043,-0.287572,
1623141921044,0.071893,
1623141921045,0.287572,
1623141921046,0.359465,
1623141921047,-0.167750,
1623141921048,-0.119822,
1623141921049,0.071893,
1623141921050,0.191715,
1623141921051,0.239643,
1623141921052,0.000000,
1623141921053,0.071893,
1623141921054,-0.023964,
1623141921055,0.455323,
1623141921056,-0.047929,
1623141921057,-0.095857,
1623141921058,0.383430,
1623141921059,0.575144,
1623141921060,-0.023964,
1623141921061,-0.071893,
1623141921062,-0.143786,
1623141921063,-0.431358,
1623141921064,-0.023964,
1623141921065,0.167750,
1623141921066,0.071893,
1623141921067,-0.071893,
1623141921068,-0.527216,
1623141921069,-0.047929,
1623141921070,0.023964,
1623141921071,0.095857,
1623141921072,-0.119822,
1623141921073,0.263608,
1623141921074,-0.311537,
1623141921075,0.047929,
1623141921076,-0.119822,
1623141921077,0.095857,
1623141921078,0.575144,
1623141921079,-0.047929,
1623141921080,-0.239643,
1623141921081,0.000000,
1623141921082,-0.095857,
1623141921083,-0.047929,
1623141921084,-0.071893,
1623141921085,0.047929,
1623141921086,0.047929,
1623141921087,-0.311537,
1623141921088,0.527216,
1623141921089,-0.143786,
1623141921090,-0.143786,
1623141921091,0.047929,
1623141921092,0.143786,
1623141921093,-0.023964,
1623141921094,0.000000,
1623141921095,-0.239643,
1623141921096,0.095857,
1623141921097,-0.143786,
1623141921098,-0.023964,
1623141921099,0.023964,
1623141921100,0.215679,
1623141921101,-0.191715,
1623141921102,-0.023964,
1623141921103,0.383430,
1623141921104,-0.047929,
1623141921105,-0.095857,
1623141921106,0.287572,
1623141921107,-0.119822,
1623141921108,0.000000,
1623141921109,-0.263608,
1623141921110,-0.191715,
1623141921111,0.239643,
1623141921112,0.119822,
1623141921113,-0.167750,
1623141921114,0.191715,
1623141921115,-0.287572,
1623141921116,0.000000,
1623141921117,-0.287572,
1623141921118,-0.119822,
1623141921119,0.167750,
1623141921120,0.047929,
1623141921121,-0.143786,
1623141921122,-0.047929,
1623141921123,0.047929,
1623141921124,-0.191715,
1623141921125,0.191715,
1623141921126,0.119822,
1623141921127,-0.023964,
1623141921128,0.000000,
1623141921129,0.862717,
1623141921130,0.359465,
1623141921131,-0.191715,
1623141921132,0.071893,
1623141921133,-0.143786,
1623141921134,-0.143786,
1623141921135,-0.071893,
1623141921136,-0.023964,
1623141921137,-0.023964,
1623141921138,-0.071893,
1623141921139,0.071893,
1623141921140,-0.095857,
1623141921141,0.143786,
1623141921142,-0.143786,
1623141921143,0.047929,
1623141921144,-0.119822,
1623141921145,0.838752,
1623141921146,0.000000,
1623141921147,0.000000,
1623141921148,0.071893,
1623141921149,0.047929,
1623141921150,-0.047929,
1623141921151,0.191715,
1623141921152,-0.047929,
1623141921153,-0.047929,
1623141921154,-0.119822,
1623141921155,-0.263608,
1623141921156,0.623073,
1623141921157,0.143786,
1623141921158,0.119822,
1623141921159,-0.095857,
1623141921160,-0.335501,
1623141921161,-0.311537,
1623141921162,-0.047929,
1623141921163,-0.191715,
1623141921164,0.191715,
1623141921165,0.119822,
1623141921166,-0.095857,
1623141921167,0.047929,
1623141921168,0.431358,
1623141921169,-0.431358,
1623141921170,0.071893,
1623141921171,0.167750,
1623141921172,-0.431358,
1623141921173,0.311537,
1623141921174,-0.023964,
1623141921175,-0.071893,
1623141921176,0.311537,
1623141921177,-0.119822,
1623141921178,-0.023964,
1623141921179,-0.191715,
1623141921180,-0.215679,
1623141921181,0.119822,
1623141921182,-0.431358,
1623141921183,0.239643,
1623141921184,-0.119822,
1623141921185,0.047929,
1623141921186,0.215679,
1623141921187,-0.071893,
1623141921188,0.263608,
1623141921189,-0.143786,
1623141921190,0.143786,
1623141921191,0.119822,
1623141921192,-0.263608,
1623141921193,0.191715,
1623141921194,-0.143786,
1623141921195,0.095857,
1623141921196,-0.071893,
1623141921197,-0.023964,
1623141921198,0.095857,
1623141921199,-0.071893,
1623141921200,0.239643,
1623141921201,0.071893,
1623141921202,0.000000,
1623141921203,0.215679,
1623141921204,-0.095857,
1623141921205,0.239643,
1623141921206,-0.071893,
1623141921207,-0.047929,
1623141921208,-0.071893,
1623141921209,0.095857,
1623141921210,-0.023964,
1623141921211,-0.023964,
1623141921212,0.071893,
1623141921213,-0.095857,
1623141921214,-0.047929,
1623141921215,-0.047929,
1623141921216,0.119822,
1623141921217,0.071893,
1623141921218,-0.143786,
1623141921219,0.167750,
1623141921220,0.143786,
1623141921221,-0.023964,
1623141921222,-0.023964,
1623141921223,0.071893,
1623141921224,0.023964,
1623141921225,-0.023964,
1623141921226,0.071893,
1623141921227,0.071893,
1623141921228,0.047929,
1623141921229,-0.143786,
1623141921230,0.119822,
1623141921231,-0.095857,
1623141921232,0.167750,
1623141921233,0.119822,
1623141921234,0.023964,
1623141921235,0.167750,
1623141921236,-0.071893,
1623141921237,-0.023964,
1623141921238,0.047929,
1623141921239,-0.119822,
1623141921240,0.000000,
1623141921241,0.000000,
1623141921242,0.000000,
1623141921243,0.000000,
1623141921244,0.000000,
1623141921245,-0.095857,
1623141921246,0.119822,
1623141921247,0.167750,
1623141921248,-0.071893,
1623141921249,0.071893,
1623141921250,-0.191715,
1623141921251,0.000000,
1623141921252,0.095857,
1623141921253,-0.071893,
1623141921254,0.071893,
1623141921255,-0.095857,
1623141921256,-0.095857,
1623141921257,0.023964,
1623141921258,0.000000,
1623141921259,-0.071893,
1623141921260,-0.023964,
1623141921261,-0.023964,
1623141921262,-0.167750,
1623141921263,-0.071893,
1623141921264,0.000000,
1623141921265,0.167750,
1623141921266,-0.095857,
1623141921267,-0.095857,
1623141921268,-0.119822,
1623141921269,-0.023964,
1623141921270,0.023964,
1623141921271,0.000000,
1623141921272,0.000000,
1623141921273,-0.047929,
1623141921274,-0.095857,
1623141921275,0.071893,
1623141921276,0.000000,
1623141921277,0.071893,
1623141921278,0.000000,
1623141921279,-0.047929,
1623141921280,-0.143786,
1623141921281,0.071893,
1623141921282,-0.071893,
1623141921283,-0.023964,
1623141921284,-0.023964,
1623141921285,-0.071893,
1623141921286,0.071893,
1623141921287,-0.215679,
1623141921288,0.071893,
1623141921289,0.143786,
1623141921290,-0.167750,
1623141921291,0.047929,
1623141921292,-0.047929,
1623141921293,-0.167750,
1623141921294,0.047929,
1623141921295,0.023964,
1623141921296,0.000000,
1623141921297,0.239643,
1623141921298,-0.071893,
1623141921299,0.000000,
1623141921300,-0.023964,
1623141921301,0.023964,
1623141921302,0.047929,
1623141921303,-0.023964,
1623141921304,0.071893,
1623141921305,0.071893,
1623141921306,0.023964,
1623141921307,-0.047929,
1623141921308,0.095857,
1623141921309,-0.047929,
1623141921310,0.023964,
1623141921311,0.000000,
1623141921312,0.000000,
1623141921313,0.071893,
1623141921314,0.023964,
1623141921315,0.023964,
1623141921316,-0.023964,
1623141921317,-0.047929,
1623141921318,0.095857,
1623141921319,0.119822,
1623141921320,-0.023964,
1623141921321,0.047929,
1623141921322,-0.095857,
1623141921323,0.071893,
1623141921324,-0.071893,
1623141921325,0.023964,
1623141921326,0.071893,
1623141921327,0.000000,
1623141921328,0.119822,
1623141921329,-0.023964,
1623141921330,0.023964,
1623141921331,0.023964,
1623141921332,0.047929,
1623141921333,-0.023964,
1623141921334,-0.071893,
1623141921335,0.119822,
1623141921336,0.000000,
1623141921337,0.071893,
1623141921338,-0.023964,
1623141921339,0.000000,
1623141921340,0.023964,
1623141921341,-0.023964,
1623141921342,-0.047929,
1623141921343,-0.023964,
1623141921344,-0.071893,
1623141921345,0.239643,
1623141921346,0.000000,
1623141921347,0.047929,
1623141921348,0.095857,
1623141921349,-0.047929,
1623141921350,-0.095857,
1623141921351,-0.071893,
1623141921352,0.143786,
1623141921353,0.000000,
1623141921354,-0.023964,
1623141921355,0.023964,
1623141921356,-0.119822,
1623141921357,-0.023964,
1623141921358,0.000000,
1623141921359,-0.023964,
1623141921360,-0.047929,
1623141921361,-0.047929,
1623141921362,-0.047929,
1623141921363,0.071893,
1623141921364,-0.095857,
1623141921365,-0.023964,
1623141921366,0.000000,
1623141921367,-0.095857,
1623141921368,-0.023964,
1623141921369,0.047929,
1623141921370,0.000000,
1623141921371,0.000000,
1623141921372,-0.023964,
1623141921373,-0.095857,
1623141921374,0.023964,
1623141921375,-0.023964,
1623141921376,-0.047929,
1623141921377,0.000000,
1623141921378,-0.071893,
1623141921379,-0.023964,
1623141921380,-0.095857,
1623141921381,-0.071893,
1623141921382,-0.023964,
1623141921383,0.071893,
1623141921384,0.000000,
1623141921385,0.095857,
1623141921386,-0.071893,
1623141921387,0.047929,
1623141921388,-0.023964,
1623141921389,-0.023964,
1623141921390,-0.143786,
1623141921391,0.023964,
1623141921392,0.071893,
1623141921393,-0.023964,
1623141921394,0.000000,
1623141921395,0.000000,
1623141921396,-0.071893,
1623141921397,-0.071893,
1623141921398,-0.023964,
1623141921399,0.071893,
1623141921400,-0.023964,
1623141921401,0.000000,
1623141921402,0.095857,
1623141921403,0.095857,
1623141921404,-0.095857,
1623141921405,0.000000,
1623141921406,0.119822,
1623141921407,-0.047929,
1623141921408,-0.023964,
1623141921409,0.000000,
1623141921410,0.239643,
1623141921411,0.095857,
1623141921412,-0.023964,
1623141921413,0.095857,
1623141921414,0.000000,
1623141921415,-0.023964,
1623141921416,0.047929,
1623141921417,0.047929,
1623141921418,0.000000,
1623141921419,-0.023964,
1623141921420,-0.047929,
1623141921421,0.167750,
1623141921422,-0.071893,
1623141921423,-0.191715,
1623141921424,-0.047929,
1623141921425,-0.047929,
1623141921426,0.000000,
1623141921427,0.000000,
1623141921428,0.000000,
1623141921429,0.000000,
1623141921430,0.095857,
1623141921431,-0.287572,
1623141921432,0.311537,
1623141921433,0.047929,
1623141921434,-0.383430,
1623141921435,0.383430,
1623141921436,-0.095857,
1623141921437,-0.263608,
1623141921438,0.335501,
1623141921439,-0.167750,
1623141921440,-0.119822,
1623141921441,0.335501,
1623141921442,-0.167750,
1623141921443,0.000000,
1623141921444,0.239643,
1623141921445,-0.311537,
1623141921446,0.287572,
1623141921447,-0.095857,
1623141921448,-0.239643,
1623141921449,0.263608,
1623141921450,-0.047929,
1623141921451,-0.119822,
1623141921452,0.239643,
1623141921453,-0.023964,
1623141921454,-0.119822,
1623141921455,0.000000,
1623141921456,-0.095857,
1623141921457,-0.095857,
1623141921458,-0.023964,
1623141921459,-0.023964,
1623141921460,0.167750,
1623141921461,-0.143786,
1623141921462,0.000000,
1623141921463,-0.119822,
1623141921464,-0.143786,
1623141921465,-0.095857,
1623141921466,-0.023964,
1623141921467,0.023964,
1623141921468,0.047929,
1623141921469,-0.047929,
1623141921470,0.000000,
1623141921471,0.047929,
1623141921472,0.047929,
1623141921473,-0.071893,
1623141921474,0.047929,
1623141921475,0.023964,
1623141921476,-0.119822,
1623141921477,-0.095857,
1623141921478,0.095857,
1623141921479,-5.439907,
1623141921480,1.773362,
1623141921481,-2.564185,
1623141921482,0.239643,
1623141921483,0.790824,
1623141921484,1.797326,
1623141921485,-0.503251,
1623141921486,-0.742895,
1623141921487,1.677504,
1623141921488,-3.139330,
1623141921489,0.982538,
1623141921490,0.119822,
1623141921491,0.527216,
1623141921492,-0.503251,
1623141921493,0.647037,
1623141921494,0.239643,
1623141921495,-0.814788,
1623141921496,0.263608,
1623141921497,0.239643,
1623141921498,-0.095857,
1623141921499,0.023964,
1623141921500,0.047929,
1623141921501,0.215679,
1623141921502,0.239643,
1623141921503,0.000000,
1623141921504,-0.119822,
1623141921505,-0.479287,
1623141921506,0.167750,
1623141921507,-0.119822,
1623141921508,-0.095857,
1623141921509,-0.047929,
1623141921510,0.095857,
1623141921511,0.000000,
1623141921512,0.503251,
1623141921513,-0.335501,
1623141921514,0.263608,
1623141921515,-0.095857,
1623141921516,0.023964,
1623141921517,0.167750,
1623141921518,0.886681,
1623141921519,0.239643,
1623141921520,-0.718930,
1623141921521,1.749398,
1623141921522,0.742895,
1623141921523,0.718930,
1623141921524,0.263608,
1623141921525,-1.030467,
1623141921526,-0.191715,
1623141921527,-0.143786,
1623141921528,-0.071893,
1623141921529,0.527216,
1623141921530,0.623073,
1623141921531,0.383430,
1623141921532,-0.623073,
1623141921533,0.000000,
1623141921534,0.383430,
1623141921535,0.359465,
1623141921536,0.647037,
1623141921537,-0.263608,
1623141921538,0.383430,
1623141921539,-0.359465,
1623141921540,-0.551180,
1623141921541,0.359465,
1623141921542,-0.167750,
1623141921543,0.311537,
1623141921544,0.431358,
1623141921545,0.335501,
1623141921546,-0.215679,
1623141921547,0.071893,
1623141921548,0.167750,
1623141921549,-0.239643,
1623141921550,0.335501,
1623141921551,0.359465,
1623141921552,0.023964,
1623141921553,-0.071893,
1623141921554,-0.095857,
1623141921555,-0.095857,
1623141921556,-0.143786,
1623141921557,0.119822,
1623141921558,0.239643,
1623141921559,-0.167750,
1623141921560,0.119822,
1623141921561,0.143786,
1623141921562,0.047929,
1623141921563,0.143786,
1623141921564,0.287572,
1623141921565,0.095857,
1623141921566,0.143786,
1623141921567,0.119822,
1623141921568,-0.143786,
1623141921569,-0.047929,
1623141921570,0.335501,
1623141921571,-0.023964,
1623141921572,0.119822,
1623141921573,0.287572,
1623141921574,0.095857,
1623141921575,0.000000,
1623141921576,-0.023964,
1623141921577,0.000000,
1623141921578,-0.167750,
1623141921579,-0.167750,
1623141921580,-0.143786,
1623141921581,-0.191715,
1623141921582,-0.095857,
1623141921583,-0.095857,
1623141921584,-0.023964,
1623141921585,-0.167750,
1623141921586,-0.023964,
1623141921587,-0.095857,
1623141921588,-0.239643,
1623141921589,0.000000,
1623141921590,-0.095857,
1623141921591,-0.047929,
1623141921592,-0.047929,
1623141921593,-0.167750,
1623141921594,-0.023964,
1623141921595,-0.143786,
1623141921596,-0.215679,
1623141921597,-0.143786,
1623141921598,-0.143786,
1623141921599,0.000000,
1623141921600,-0.143786,
1623141921601,-0.095857,
1623141921602,-0.023964,
1623141921603,-0.047929,
1623141921604,-0.071893,
1623141921605,-0.143786,
1623141921606,-0.095857,
1623141921607,-0.071893,
1623141921608,0.000000,
1623141921609,0.000000,
1623141921610,-0.023964,
1623141921611,0.047929,
1623141921612,0.047929,
1623141921613,0.143786,
1623141921614,0.023964,
1623141921615,-0.047929,
1623141921616,0.047929,
1623141921617,-0.119822,
1623141921618,0.023964,
1623141921619,0.047929,
1623141921620,-0.023964,
1623141921621,0.095857,
1623141921622,0.071893,
1623141921623,0.191715,
1623141921624,0.215679,
1623141921625,0.143786,
1623141921626,0.167750,
1623141921627,0.047929,
1623141921628,0.191715,
1623141921629,-0.023964,
1623141921630,0.047929,
1623141921631,0.095857,
1623141921632,0.095857,
1623141921633,0.047929,
1623141921634,0.000000,
1623141921635,0.047929,
1623141921636,-0.023964,
1623141921637,-0.047929,
1623141921638,-0.023964,
1623141921639,-0.047929,
1623141921640,0.095857,
1623141921641,0.023964,
1623141921642,-0.047929,
1623141921643,-0.023964,
1623141921644,0.000000,
1623141921645,-0.095857,
1623141921646,-0.071893,
1623141921647,-0.047929,
1623141921648,0.047929,
1623141921649,-0.023964,
1623141921650,-0.047929,
1623141921651,-0.047929,
1623141921652,-0.047929,
1623141921653,-0.047929,
1623141921654,-0.023964,
1623141921655,-0.095857,
1623141921656,-0.023964,
1623141921657,-0.071893,
1623141921658,-0.023964,
1623141921659,-0.071893,
1623141921660,-0.071893,
1623141921661,-0.071893,
1623141921662,-0.095857,
1623141921663,-0.023964,
1623141921664,-0.071893,
1623141921665,0.000000,
1623141921666,-0.023964,
1623141921667,0.023964,
1623141921668,-0.095857,
1623141921669,-0.023964,
1623141921670,0.000000,
1623141921671,-0.071893,
1623141921672,0.023964,
1623141921673,0.023964,
1623141921674,0.023964,
1623141921675,-0.071893,
1623141921676,0.167750,
1623141921677,0.071893,
1623141921678,0.047929,
1623141921679,0.047929,
1623141921680,0.047929,
1623141921681,0.047929,
1623141921682,0.023964,
1623141921683,-0.023964,
1623141921684,0.023964,
1623141921685,-0.694966,
1623141921686,-0.023964,
1623141921687,-0.335501,
1623141921688,-0.023964,
1623141921689,-0.095857,
1623141921690,-0.431358,
1623141921691,-0.071893,
1623141921692,-0.143786,
1623141921693,0.047929,
1623141921694,0.071893,
1623141921695,-0.095857,
1623141921696,-0.023964,
1623141921697,0.000000,
1623141921698,0.143786,
1623141921699,0.119822,
1623141921700,0.000000,
1623141921701,0.119822,
1623141921702,0.000000,
1623141921703,0.047929,
1623141921704,-0.023964,
1623141921705,-0.071893,
1623141921706,0.000000,
1623141921707,0.071893,
1623141921708,-0.047929,
1623141921709,0.023964,
1623141921710,-0.023964,
1623141921711,-0.023964,
1623141921712,0.000000,
1623141921713,0.071893,
1623141921714,0.071893,
1623141921715,0.023964,
1623141921716,-0.023964,
1623141921717,0.023964,
1623141921718,0.000000,
1623141921719,0.023964,
1623141921720,0.071893,
1623141921721,0.071893,
1623141921722,0.119822,
1623141921723,0.000000,
1623141921724,0.143786,
1623141921725,0.047929,
1623141921726,-0.071893,
1623141921727,0.047929,
1623141921728,0.000000,
1623141921729,0.047929,
1623141921730,0.071893,
1623141921731,0.000000,
1623141921732,0.047929,
1623141921733,0.047929,
1623141921734,0.071893,
1623141921735,0.071893,
1623141921736,0.023964,
1623141921737,0.023964,
1623141921738,-0.047929,
1623141921739,-0.047929,
1623141921740,0.000000,
1623141921741,-0.071893,
1623141921742,-0.047929,
1623141921743,0.000000,
1623141921744,-0.023964,
1623141921745,-0.023964,
1623141921746,-0.119822,
1623141921747,-0.047929,
1623141921748,-0.071893,
1623141921749,-0.047929,
1623141921750,0.047929,
1623141921751,-0.023964,
1623141921752,-0.023964,
1623141921753,-0.071893,
1623141921754,0.071893,
1623141921755,-0.095857,
1623141921756,0.023964,
1623141921757,-0.023964,
1623141921758,-0.047929,
1623141921759,-0.023964,
1623141921760,-0.095857,
1623141921761,-0.023964,
1623141921762,-0.047929,
1623141921763,-0.047929,
1623141921764,-0.023964,
1623141921765,-0.071893,
1623141921766,-0.071893,
1623141921767,0.000000,
1623141921768,-0.071893,
1623141921769,-0.071893,
1623141921770,0.000000,
1623141921771,0.000000,
1623141921772,-0.023964,
1623141921773,0.023964,
1623141921774,-0.119822,
1623141921775,-0.119822,
1623141921776,-0.047929,
1623141921777,0.023964,
1623141921778,-0.071893,
1623141921779,-0.023964,
1623141921780,0.000000,
1623141921781,-0.119822,
1623141921782,0.000000,
1623141921783,-0.047929,
1623141921784,0.000000,
1623141921785,-0.071893,
1623141921786,0.023964,
1623141921787,0.071893,
1623141921788,0.047929,
1623141921789,-0.023964,
1623141921790,0.000000,
1623141921791,-0.023964,
1623141921792,0.023964,
1623141921793,-0.047929,
1623141921794,0.000000,
1623141921795,0.000000,
1623141921796,0.023964,
1623141921797,-0.023964,
1623141921798,0.000000,
1623141921799,0.119822,
1623141921800,0.095857,
1623141921801,0.071893,
1623141921802,0.071893,
1623141921803,0.071893,
1623141921804,0.071893,
1623141921805,0.071893,
1623141921806,0.047929,
1623141921807,0.071893,
1623141921808,0.000000,
1623141921809,0.095857,
1623141921810,0.023964,
1623141921811,0.119822,
1623141921812,0.095857,
1623141921813,0.119822,
1623141921814,0.095857,
1623141921815,0.071893,
1623141921816,0.023964,
1623141921817,0.047929,
1623141921818,0.023964,
1623141921819,0.023964,
1623141921820,-0.023964,
1623141921821,-0.071893,
1623141921822,0.000000,
1623141921823,0.023964,
1623141921824,0.119822,
1623141921825,0.071893,
1623141921826,0.119822,
1623141921827,0.047929,
1623141921828,0.095857,
1623141921829,0.095857,
1623141921830,0.071893,
1623141921831,-0.023964,
1623141921832,0.000000,
1623141921833,-0.023964,
1623141921834,0.023964,
1623141921835,-0.023964,
1623141921836,-0.095857,
1623141921837,-0.095857,
1623141921838,-0.095857,
1623141921839,0.047929,
1623141921840,-0.047929,
1623141921841,-0.023964,
1623141921842,-0.047929,
1623141921843,-0.095857,
1623141921844,-0.047929,
1623141921845,-0.047929,
1623141921846,-0.047929,
1623141921847,-0.023964,
1623141921848,-0.047929,
1623141921849,-0.095857,
1623141921850,0.023964,
1623141921851,-0.047929,
1623141921852,-0.047929,
1623141921853,-0.047929,
1623141921854,-0.047929,
1623141921855,-0.023964,
1623141921856,-0.023964,
1623141921857,-0.047929,
1623141921858,-0.095857,
1623141921859,-0.071893,
1623141921860,-0.095857,
1623141921861,-0.119822,
1623141921862,-0.071893,
1623141921863,0.000000,
1623141921864,-0.071893,
1623141921865,-0.071893,
1623141921866,-0.023964,
1623141921867,-0.023964,
1623141921868,-0.071893,
1623141921869,-0.095857,
1623141921870,-0.071893,
1623141921871,-0.047929,
1623141921872,-0.143786,
1623141921873,-0.023964,
1623141921874,-0.071893,
1623141921875,-0.047929,
1623141921876,-0.215679,
1623141921877,-0.047929,
1623141921878,-0.071893,
1623141921879,-0.047929,
1623141921880,-0.023964,
1623141921881,-0.119822,
1623141921882,-0.023964,
1623141921883,-0.071893,
1623141921884,-0.047929,
1623141921885,-0.071893,
1623141921886,0.023964,
1623141921887,0.000000,
1623141921888,0.047929,
1623141921889,0.023964,
1623141921890,0.071893,
1623141921891,0.047929,
1623141921892,0.047929,
1623141921893,0.000000,
1623141921894,0.023964,
1623141921895,0.023964,
1623141921896,0.023964,
1623141921897,0.023964,
1623141921898,0.095857,
1623141921899,0.095857,
1623141921900,0.143786,
1623141921901,0.023964,
1623141921902,0.071893,
1623141921903,0.047929,
1623141921904,0.119822,
1623141921905,0.167750,
1623141921906,0.143786,
1623141921907,0.119822,
1623141921908,0.095857,
1623141921909,0.119822,
1623141921910,0.095857,
1623141921911,0.023964,
1623141921912,0.023964,
1623141921913,0.071893,
1623141921914,0.047929,
1623141921915,0.095857,
1623141921916,0.000000,
1623141921917,0.000000,
1623141921918,0.095857,
1623141921919,0.000000,
1623141921920,0.047929,
1623141921921,0.023964,
1623141921922,0.047929,
1623141921923,0.143786,
1623141921924,-0.047929,
1623141921925,0.000000,
1623141921926,0.095857,
1623141921927,0.023964,
1623141921928,0.023964,
1623141921929,0.000000,
1623141921930,0.047929,
1623141921931,0.047929,
1623141921932,0.023964,
1623141921933,0.023964,
1623141921934,-0.071893,
1623141921935,-0.047929,
1623141921936,-0.071893,
1623141921937,-0.095857,
1623141921938,-0.095857,
1623141921939,0.000000,
1623141921940,-0.023964,
1623141921941,0.000000,
1623141921942,-0.095857,
1623141921943,-0.023964,
1623141921944,-0.047929,
1623141921945,-0.071893,
1623141921946,-0.047929,
1623141921947,-0.071893,
1623141921948,-0.047929,
1623141921949,0.023964,
1623141921950,0.071893,
1623141921951,0.000000,
1623141921952,-0.023964,
1623141921953,0.047929,
1623141921954,-0.167750,
1623141921955,-0.119822,
1623141921956,-0.095857,
1623141921957,-0.095857,
1623141921958,-0.071893,
1623141921959,-0.071893,
1623141921960,-0.119822,
1623141921961,-0.095857,
1623141921962,-0.095857,
1623141921963,-0.047929,
1623141921964,-0.023964,
1623141921965,-0.023964,
1623141921966,-0.119822,
1623141921967,-0.071893,
1623141921968,-0.071893,
1623141921969,-0.023964,
1623141921970,0.000000,
1623141921971,0.023964,
1623141921972,0.000000,
1623141921973,-0.071893,
1623141921974,-0.047929,
1623141921975,-0.119822,
1623141921976,0.023964,
1623141921977,-0.071893,
1623141921978,-0.023964,
1623141921979,-0.071893,
1623141921980,-0.023964,
1623141921981,0.000000,
1623141921982,0.047929,
1623141921983,0.023964,
1623141921984,0.071893,
1623141921985,0.023964,
1623141921986,-0.047929,
1623141921987,0.023964,
1623141921988,0.095857,
1623141921989,-0.071893,
1623141921990,0.023964,
1623141921991,0.023964,
1623141921992,0.000000,
1623141921993,0.000000,
1623141921994,0.000000,
1623141921995,0.023964,
1623141921996,0.023964,
1623141921997,-0.023964,
1623141921998,0.119822,
1623141921999,0.071893,
